,version,ihl,tos,len,id,flags,frag,ttl,proto,chksum,src,dst,options,time,sport,dport,seq,ack,dataofs,reserved,flags,window,chksum,urgptr,options,payload,payload_raw,payload_hex
0,4,5,0,522,39575,DF,0,64,6,17937,172.28.0.1,172.28.0.12,0,1681616388.8538623,34096,8080,3178069003,3959747405,8,0,PA,501,23106,0,3,470,"b'GET /socket.io/?EIO=3&sid=R_PmmLqmwiabq0EaAAAA&t=OU89SGQ&transport=polling HTTP/1.1\r\nHost: colab.research.google.com\r\nUser-Agent: Mozilla/5.0 (Windows NT 10.0; Win64; x64; rv:109.0) Gecko/20100101 Firefox/111.0,gzip(gfe)\r\nAccept: */*\r\nAccept-Encoding: gzip, deflate, br,gzip(gfe)\r\nAccept-Language: es-ES,es;q=0.8,en-US;q=0.5,en;q=0.3\r\nReferer: https://colab.research.google.com/\r\nSec-Fetch-Dest: empty\r\nSec-Fetch-Mode: cors\r\nSec-Fetch-Site: same-origin\r\nTe: trailers\r\n\r\n'",b'474554202f736f636b65742e696f2f3f45494f3d33267369643d525f506d6d4c716d77696162713045614141414126743d4f553839534751267472616e73706f72743d706f6c6c696e6720485454502f312e310d0a486f73743a20636f6c61622e72657365617263682e676f6f676c652e636f6d0d0a557365722d4167656e743a204d6f7a696c6c612f352e30202857696e646f7773204e542031302e303b2057696e36343b207836343b2072763a3130392e3029204765636b6f2f32303130303130312046697265666f782f3131312e302c677a697028676665290d0a4163636570743a202a2f2a0d0a4163636570742d456e636f64696e673a20677a69702c206465666c6174652c2062722c677a697028676665290d0a4163636570742d4c616e67756167653a2065732d45532c65733b713d302e382c656e2d55533b713d302e352c656e3b713d302e330d0a526566657265723a2068747470733a2f2f636f6c61622e72657365617263682e676f6f676c652e636f6d2f0d0a5365632d46657463682d446573743a20656d7074790d0a5365632d46657463682d4d6f64653a20636f72730d0a5365632d46657463682d536974653a2073616d652d6f726967696e0d0a54653a20747261696c6572730d0a0d0a'
1,4,5,0,52,65360,DF,0,64,6,58157,172.28.0.12,172.28.0.1,0,1681616388.8539133,8080,34096,3959747405,3178069473,8,0,A,501,22636,0,3,0,b'',b''
2,4,5,0,1501,65361,DF,0,64,6,56707,172.28.0.12,172.28.0.1,0,1681616388.8555453,8080,34096,3959747405,3178069473,8,0,PA,501,24085,0,3,1449,"b'HTTP/1.1 200 OK\r\nContent-Type: text/plain; charset=UTF-8\r\nContent-Encoding: gzip\r\nContent-Length: 1195\r\nAccess-Control-Allow-Origin: *\r\nSet-Cookie: io=R_PmmLqmwiabq0EaAAAA; Path=/; HttpOnly\r\nDate: Sun, 16 Apr 2023 03:39:48 GMT\r\nConnection: keep-alive\r\n\r\n\x1f\x8b\x08\x00\x00\x00\x00\x00\x00\x03\xd5\x98Qo\xa38\x10\xc7\xbfJ\x94\xa7V*\xc5\xc6@L\xa4}Zi\xb5\'\xddI\xa7\xbb}\xda\xa6B\xc6\x0c\t*1,\x98\xde\xe5V\xfd\xee7\x86\xb4\r!\xdd\xb6^Zi\x1f\xa2`\xc0\xf6o\xfe3\x1e\x8f\xe1>Y\xfa\x9e\xdb@\xd3\xe4\xa5\xba\xb8\x9a\xa7B\x8b\xf9\xc5\xf7\xfe\x7f9\xff\xbe\x9ao@\xa4P\xaf\xe6\xcb\x196\xb6\xcd:\xceS\xd3X\xcdi\x92\x12\xc1=\xe9D\x19O@\x92,\t\xd3\xc0\x17\xd2\x0b\x12Bh\xca\x938`\xab\xf9\xc5\xac\xef\xa5w\x15\xf4\xfd\xe0_\x90\xad\x868WU\xab\xfb\x17\xda\x06j%\xb6\xfb\x17\x1e[\xe6\xd9\x9e\xed\x85s\xf6}\x90~?\x96G<\xe6\x10\xdf\xa1\xe1\x17\xc2\x96,Z\xfa\xfc2$A\x10\x85_\xfbWo\xa1~\x1c>\xb8D\xe2\xbb{\xe470\xb4\x125(\x1d?\xa9)d>\xe3\x10r\'\x0cI\xe8\xf8Y\x969@\x17\xc2\xe1\x89\x840\xe4@$\xa1\xaf\x94\x8c%\x99L$\x0f\x1cJ\x819\xbe`\x89\xc3\x99L\x9c\x88\xf1E\x92\xe2<<\xf3\x7fD_\xc3\xb7\x16\x1a}R-\xf22\xb9}\xeeG_\xef\x85\x05-Lpu\xc6wwd\xa94\x8a\xb2WC\x96\xe9~,\xd5ng\x1ff\x94\x90\xd5JURT\xd8hT\x9eeg\xb2l\x95\xfe\x80\x8f\xcf\xf1\x89yX\xe7J\x9f\x19\xf23\xf3\xde\xf9\xf9\xc3\xbd\x02\xd4\xf1\xad\xae\xb9\x1f\xf1\x8a\\\x9b\x11:\x1bzs\xd1\xb6\xb8\x1b\xde \xf8\x1d^\xd2f\x19Zmn\\]w\xbc\x1b\xa1\x14\x14=d^V-\x06\xdd\xdd\xfc\xee:\x08\x83\xd0,\xa6\x14\x92v\xbd\x86z\xbc\x9a>\xf6\x96:\xbf\x83Z\xeb\rN\x10\x05|U#\x01\xfe\xd0\xf4\xa4Lw8*^e5\xfa\xd2Ly\x85\x8d.6\x16\xe1\x05*\xd2\xfb\xdb8\xb8\x00i\\\x82\x97e[K\xe8\xbbUBo\xba\xe7n\xdb\xd4nQJQ\xb8E\x9e\xb8\xd5NoJ\xc5.#7\xcd\x1b\xedTB\xde\x8854n\x83\x1a\xec\xdc\xa6\xad\xd0\xbeR\xde\x80\xbe\xacv\xc6M\xaby\x91+3\xa6\x17\xfa\x17\xc6%E\xbb5>\xa7\xd8\xa8jh\xd0\x06a\xa4\xfa\x9cwB!D\x9b\xe8\x02L\xd7\x07\xde\xc5!o\\\xb7j*ZPi\r\xf2\xf6\x18\x95z4\xb2e\xe5\x03mM\x8c\xbd5,\xa3\xd4\x166:\x84]\xadZB\x98\x94P\x1433\xf6r\xe6\xf5\xb7\xe0i\x0b\xf6}\xf2\x1e\xdd\xe9\xb2\x93\xe3;\xdc\xc7\x14\'YH\x12\xa0\xe31\xfe\x02\\\x04\xa0d/\xf5a\x88\x0c\xecx\xe4\xa4\xde!\'\xfa?\xeeW\xf6O\xea\xfa\xdb\x9f\xdd\x03W\x965\xb8\xa8\x12\xd4B\xea\xfc\x16\x9a\rJp,3\x0b\x02f)3e\xc7\xf8\xa2\xd1\xb1B\x13\x9aw\xb6\xc1_X\xdb\xe0\x8f\\\x80\x13\xa0!;%\xdf\xd9\x08/X\xd8\x1a\x11\x0c\x12I\xd5@\x9b\x96\xb11\xc1$\x15ev\xd1)-\xe9\xc4\xc1\xfd\xb909\xf1\xd8\x8c.QX\x191\xc8\xde\xf1\xbd+\xde\xd9\t\x84\x11[\xfe\xc5\xa9Hz_|/Z\x04\xb6\xf8\xfcM\xf01\x83\xde`\xd9\x05\x85\xfb\xdf\xf6\xdbI\xe6\x80\xd9\xeeIt\x90\xe61\xe2\xf7\xe5\xd8\x84\xd0y\xd5_\x8c\xe3\xc4\xb3\x84\xe6\xe4\x10\xfa\x9fZT\xd5\x04\xebS\x97X\xda\xa6\xa5\xbb\x065\x8a\tf[\x9fx\xf4\x10u\\\xebN%r\xff\x97\x88\x06\xa6\x8b\rN\x7f\x1d\x99\x07\xdb(N\x88Tr\x13w\x8b\xe5]T\xf6B\xdbB\x8b{\xbf\x8e\xca\x83=\xb2\xaaK\x89\x07\xc0\xb8TSf\x8b\xa7%f\xf6\x12\x1f\x17Yo)\xef\x82\xdb\xa65o\xb0\xfb\xe5\x93\x14\x1d?\x00\xe5\x9e\xb5\x9e\x83\x82\xaf/3D\x81N\x937\x93\x01\xe7eQ\x96\xd5H\\\xdf\xb6\xb4\xf0N\x9dg\n\xb1MR\xf1\xecIf\x12\xf4\x90\xdb\x96\xa6>9\x96\xfb9\xd4\x01dWj\xe6\xa5\x0b\xb78\xd7\xa8\xd6\xe4\xb6\x822:\n\x82\xb2;\xb7Y\xa0\x99\xe5\x1e\x9f\xe6\xa3\x11\xb1-\xc7\xd8\xe8h\x98a\x01x\xfb\xfc\xaaz-cHlW\x12\x1bd\xa6F\x8b\xfa\xe7\x8b\x82\xfb0\xac\n\xa1\xd1\xe0\xed\xbd\x05\xa3}\x80Z\x0b\xebOO}\xbc\x03\xe068\x92\xd9\xfa\xcb\x0b\x1bl\\\x85h\x15\x16\x07\xb9B\xf2\x17D\xec\xf3\x82\xd7""\xc7\tu\x83\x07\x0c\x95\xe5k\x17\xd9\x8b\\vP\xc76D\x91\xed\xee\xc0\x06g\xbb}\x02\xdb\x96i\x8b\xafM\x94\xc0\x1e|\x10\xf7\x12A=Z\x8d\xa1-\xfd\xe8;\xdd\x8b\xbe\xd3\x0c`\xb1S\xb5\x1b\xe5/\xdb\xac\xca\xf8\x88\xa8W3\x16M\xbc\x15\xf9\xeb\x92\xecI6\x1a\xbd\x12\xee\xdat\xeerLw\x1f{\x8a\xe4\x0fD\xf9\xb2\xa9A\xa4\x7fkt\xd4\xa7\xfd\'[|q\xff\r\xfd\xa1\x87\xf98\xfc?\xf7!\xc1\x11i\x19\x00\x00'",b'485454502f312e3120323030204f4b0d0a436f6e74656e742d547970653a20746578742f706c61696e3b20636861727365743d5554462d380d0a436f6e74656e742d456e636f64696e673a20677a69700d0a436f6e74656e742d4c656e6774683a20313139350d0a4163636573732d436f6e74726f6c2d416c6c6f772d4f726967696e3a202a0d0a5365742d436f6f6b69653a20696f3d525f506d6d4c716d7769616271304561414141413b20506174683d2f3b20487474704f6e6c790d0a446174653a2053756e2c2031362041707220323032332030333a33393a343820474d540d0a436f6e6e656374696f6e3a206b6565702d616c6976650d0a0d0a1f8b0800000000000003d598516fa33810c7bf4a94a7562ac5c6404ca47d5a69b527dd49a7bb7ddaa642c60c092a312c98dee556fdee3786b40d21ddb65e5a691fa260c0f66ffe331e8fe13e59fa9edb40d3e4a5bab89aa7428bf9c5f7fe7f39ffbe9a6f40a450afe6cb1936b6cd3ace53d358cd699212c13de944194f40922c09d3c017d20b124268ca933860abf9c5acefa57715f4fde05f90ad86385755abfb17da066a25b6fb171e5be6d99eed8573f67d907e3f96473ce610dfa1e117c2962c5afafc32244110855ffb576fa17e1c3eb844e2bb7be43730b41235281d3fa929643ee31072270c49e8f85996394017c2e1898430e44024a1af948c25994c240f1c4a8139be6089c3994c9c88f14592e23c3cf37f445fc3b7161a7d522df232b97dee475fef85052d4c7075c6777764a9348ab2574396e97e2cd56e671f669490d54a555254d868549e6567b26c95fe808fcff1897958e74a9f19f233f3def9f9c3bd02d4f1adaeb91ff18a5c9b113a1b7a73d1b6b81bde20f81d5ed266195a6d6e5c5d77bc1ba114143d645e562d06ddddfcee3a0883d02ca6149276bd867abc9a3ef6963abf835aeb0d4e10057c552301fed0f4a44c77382a5e6535fad24c79858d2e3616e1052ad2fbdb38b800695c8297655b4be8bb55426fbae76edbd46e514a51b8459eb8d54e6f4ac52e2337cd1bed5442de8835346e831aecdca6add0be52de80beac76c64dab79912b33a617fa17c62545bb353ea7d8a86a68d00661a4fa9c774221449be8024cd707dec5216f5cb76a2a5a50690df2f618957a34b265e5036d4d8cbd352ca3d416363a845dad5a42989450143333f672e6f5b7e0690bf67df21edde9b293e33bdcc71427594812a0e331fe025c04a0642ff561880cec78e4a4de2127fa3fee57f64feafadb9fdd03579635b8a812d442eafc169a0d4a702c330b0266293365c7f8a2d1b142139a77b6c15f58dbe08f5c8013a0213b25dfd9082f58d81a110c1249d5409b96b131c124156576d1292de9c4c1fdb93039f1d88c2e51581931c8def1bd2bded90984115bfec5a9487a5f7c2f5a04b6f8fc4df03183de60d90585fbdff6db49e680d9ee497490e631e2f7e5d884d079d55f8ce3c4b384e6e410fa9f5a54d504eb539758daa6a5bb06358a09665b9f78f410755ceb4e2572ff978806a68b0d4e7f1d9907db284e88547213778be55d54f642db428b7bbf8eca833db2aa4b8907c0b85453668ba72566f6121f17596f29ef82dba6356fb0fbe593141d3f00e59eb59e8382af2f3344814e93379301e7655196d5485cdfb6b4f04e9d670ab14d52f1ec496612f490db96a63e3996fb39d40164576ae6a50bb738d7a8d6e4b682323a0a82b23bb759a099e51e9fe6a311b12dc7d8e86898610178fbfcaa7a2d63486c57121b64a6468bfae78b82fb30ac0aa1d1e0edbd05a37d805a0beb4f4f7dbc03e0363892d9facb0b1b6c5c8568151607b942f21744ecf382d722c7097583070c95e56b17d98b5c7650c7364491edeec00667bb7d02db96698baf4d94c01e7c10f712413d5a8da12dfde83bdd8bbed30c60b153b51be52fdbaccaf888a85733164dbc15f9eb92ec49361abd12eeda74ee724c771f7b8ae40f44f9b2a941a47f6b74d4a7fd275b7c71ff0dfda187f938fc3ff721c11169190000'
3,4,5,0,52,39576,DF,0,64,6,18406,172.28.0.1,172.28.0.12,0,1681616388.8563263,34096,8080,3178069473,3959748854,8,0,A,490,22636,0,3,0,b'',b''
4,4,5,0,626,39577,DF,0,64,6,17831,172.28.0.1,172.28.0.12,0,1681616389.0610151,34096,8080,3178069473,3959748854,8,0,PA,501,23210,0,3,574,"b'POST /socket.io/?EIO=3&sid=R_PmmLqmwiabq0EaAAAA&t=OU89SJp&transport=polling HTTP/1.1\r\nHost: colab.research.google.com\r\nUser-Agent: Mozilla/5.0 (Windows NT 10.0; Win64; x64; rv:109.0) Gecko/20100101 Firefox/111.0,gzip(gfe)\r\nContent-Length: 55\r\nAccept: */*\r\nAccept-Encoding: gzip, deflate, br,gzip(gfe)\r\nAccept-Language: es-ES,es;q=0.8,en-US;q=0.5,en;q=0.3\r\nContent-Type: text/plain;charset=UTF-8\r\nOrigin: https://colab.research.google.com\r\nReferer: https://colab.research.google.com/\r\nSec-Fetch-Dest: empty\r\nSec-Fetch-Mode: cors\r\nSec-Fetch-Site: same-origin\r\nTe: trailers\r\n\r\n'",b'504f5354202f736f636b65742e696f2f3f45494f3d33267369643d525f506d6d4c716d77696162713045614141414126743d4f553839534a70267472616e73706f72743d706f6c6c696e6720485454502f312e310d0a486f73743a20636f6c61622e72657365617263682e676f6f676c652e636f6d0d0a557365722d4167656e743a204d6f7a696c6c612f352e30202857696e646f7773204e542031302e303b2057696e36343b207836343b2072763a3130392e3029204765636b6f2f32303130303130312046697265666f782f3131312e302c677a697028676665290d0a436f6e74656e742d4c656e6774683a2035350d0a4163636570743a202a2f2a0d0a4163636570742d456e636f64696e673a20677a69702c206465666c6174652c2062722c677a697028676665290d0a4163636570742d4c616e67756167653a2065732d45532c65733b713d302e382c656e2d55533b713d302e352c656e3b713d302e330d0a436f6e74656e742d547970653a20746578742f706c61696e3b636861727365743d5554462d380d0a4f726967696e3a2068747470733a2f2f636f6c61622e72657365617263682e676f6f676c652e636f6d0d0a526566657265723a2068747470733a2f2f636f6c61622e72657365617263682e676f6f676c652e636f6d2f0d0a5365632d46657463682d446573743a20656d7074790d0a5365632d46657463682d4d6f64653a20636f72730d0a5365632d46657463682d536974653a2073616d652d6f726967696e0d0a54653a20747261696c6572730d0a0d0a'
5,4,5,0,107,39578,DF,0,64,6,18349,172.28.0.1,172.28.0.12,0,1681616389.0619578,34096,8080,3178070047,3959748854,8,0,PA,501,22691,0,3,55,"b'52:451-/debugger,[""data"",{""_placeholder"":true,""num"":0}]'",b'35323a3435312d2f64656275676765722c5b2264617461222c7b225f706c616365686f6c646572223a747275652c226e756d223a307d5d'
6,4,5,0,52,65363,DF,0,64,6,58154,172.28.0.12,172.28.0.1,0,1681616389.062008,8080,34096,3959748854,3178070102,8,0,A,501,22636,0,3,0,b'',b''
7,4,5,0,337,65364,DF,0,64,6,57868,172.28.0.12,172.28.0.1,0,1681616389.0625577,8080,34096,3959748854,3178070102,8,0,PA,501,22921,0,3,285,"b'HTTP/1.1 200 OK\r\nContent-Type: text/html\r\nContent-Length: 2\r\nAccess-Control-Allow-Credentials: true\r\nAccess-Control-Allow-Origin: https://colab.research.google.com\r\nSet-Cookie: io=R_PmmLqmwiabq0EaAAAA; Path=/; HttpOnly\r\nDate: Sun, 16 Apr 2023 03:39:49 GMT\r\nConnection: keep-alive\r\n\r\nok'",b'485454502f312e3120323030204f4b0d0a436f6e74656e742d547970653a20746578742f68746d6c0d0a436f6e74656e742d4c656e6774683a20320d0a4163636573732d436f6e74726f6c2d416c6c6f772d43726564656e7469616c733a20747275650d0a4163636573732d436f6e74726f6c2d416c6c6f772d4f726967696e3a2068747470733a2f2f636f6c61622e72657365617263682e676f6f676c652e636f6d0d0a5365742d436f6f6b69653a20696f3d525f506d6d4c716d7769616271304561414141413b20506174683d2f3b20487474704f6e6c790d0a446174653a2053756e2c2031362041707220323032332030333a33393a343920474d540d0a436f6e6e656374696f6e3a206b6565702d616c6976650d0a0d0a6f6b'
8,4,5,0,52,39579,DF,0,64,6,18403,172.28.0.1,172.28.0.12,0,1681616389.0625746,34096,8080,3178070102,3959749139,8,0,A,501,22636,0,3,0,b'',b''
9,4,5,0,524,39580,DF,0,64,6,17930,172.28.0.1,172.28.0.12,0,1681616389.0875473,34096,8080,3178070102,3959749139,8,0,PA,501,23108,0,3,472,"b'GET /socket.io/?EIO=3&sid=R_PmmLqmwiabq0EaAAAA&t=OU89SJp.0&transport=polling HTTP/1.1\r\nHost: colab.research.google.com\r\nUser-Agent: Mozilla/5.0 (Windows NT 10.0; Win64; x64; rv:109.0) Gecko/20100101 Firefox/111.0,gzip(gfe)\r\nAccept: */*\r\nAccept-Encoding: gzip, deflate, br,gzip(gfe)\r\nAccept-Language: es-ES,es;q=0.8,en-US;q=0.5,en;q=0.3\r\nReferer: https://colab.research.google.com/\r\nSec-Fetch-Dest: empty\r\nSec-Fetch-Mode: cors\r\nSec-Fetch-Site: same-origin\r\nTe: trailers\r\n\r\n'",b'474554202f736f636b65742e696f2f3f45494f3d33267369643d525f506d6d4c716d77696162713045614141414126743d4f553839534a702e30267472616e73706f72743d706f6c6c696e6720485454502f312e310d0a486f73743a20636f6c61622e72657365617263682e676f6f676c652e636f6d0d0a557365722d4167656e743a204d6f7a696c6c612f352e30202857696e646f7773204e542031302e303b2057696e36343b207836343b2072763a3130392e3029204765636b6f2f32303130303130312046697265666f782f3131312e302c677a697028676665290d0a4163636570743a202a2f2a0d0a4163636570742d456e636f64696e673a20677a69702c206465666c6174652c2062722c677a697028676665290d0a4163636570742d4c616e67756167653a2065732d45532c65733b713d302e382c656e2d55533b713d302e352c656e3b713d302e330d0a526566657265723a2068747470733a2f2f636f6c61622e72657365617263682e676f6f676c652e636f6d2f0d0a5365632d46657463682d446573743a20656d7074790d0a5365632d46657463682d4d6f64653a20636f72730d0a5365632d46657463682d536974653a2073616d652d6f726967696e0d0a54653a20747261696c6572730d0a0d0a'
10,4,5,0,52,65365,DF,0,64,6,58152,172.28.0.12,172.28.0.1,0,1681616389.1287656,8080,34096,3959749139,3178070574,8,0,A,501,22636,0,3,0,b'',b''
11,4,5,0,626,11488,DF,0,64,6,45920,172.28.0.1,172.28.0.12,0,1681616389.2381644,35306,8080,1176259014,640539881,8,0,PA,501,23210,0,3,574,"b'POST /socket.io/?EIO=3&sid=R_PmmLqmwiabq0EaAAAA&t=OU89SMl&transport=polling HTTP/1.1\r\nHost: colab.research.google.com\r\nUser-Agent: Mozilla/5.0 (Windows NT 10.0; Win64; x64; rv:109.0) Gecko/20100101 Firefox/111.0,gzip(gfe)\r\nContent-Length: 73\r\nAccept: */*\r\nAccept-Encoding: gzip, deflate, br,gzip(gfe)\r\nAccept-Language: es-ES,es;q=0.8,en-US;q=0.5,en;q=0.3\r\nContent-Type: application/octet-stream\r\nOrigin: https://colab.research.google.com\r\nReferer: https://colab.research.google.com/\r\nSec-Fetch-Dest: empty\r\nSec-Fetch-Mode: cors\r\nSec-Fetch-Site: same-origin\r\nTe: trailers\r\n\r\n'",b'504f5354202f736f636b65742e696f2f3f45494f3d33267369643d525f506d6d4c716d77696162713045614141414126743d4f553839534d6c267472616e73706f72743d706f6c6c696e6720485454502f312e310d0a486f73743a20636f6c61622e72657365617263682e676f6f676c652e636f6d0d0a557365722d4167656e743a204d6f7a696c6c612f352e30202857696e646f7773204e542031302e303b2057696e36343b207836343b2072763a3130392e3029204765636b6f2f32303130303130312046697265666f782f3131312e302c677a697028676665290d0a436f6e74656e742d4c656e6774683a2037330d0a4163636570743a202a2f2a0d0a4163636570742d456e636f64696e673a20677a69702c206465666c6174652c2062722c677a697028676665290d0a4163636570742d4c616e67756167653a2065732d45532c65733b713d302e382c656e2d55533b713d302e352c656e3b713d302e330d0a436f6e74656e742d547970653a206170706c69636174696f6e2f6f637465742d73747265616d0d0a4f726967696e3a2068747470733a2f2f636f6c61622e72657365617263682e676f6f676c652e636f6d0d0a526566657265723a2068747470733a2f2f636f6c61622e72657365617263682e676f6f676c652e636f6d2f0d0a5365632d46657463682d446573743a20656d7074790d0a5365632d46657463682d4d6f64653a20636f72730d0a5365632d46657463682d536974653a2073616d652d6f726967696e0d0a54653a20747261696c6572730d0a0d0a'
12,4,5,0,125,11489,DF,0,64,6,46420,172.28.0.1,172.28.0.12,0,1681616389.2411852,35306,8080,1176259588,640539881,8,0,PA,501,22709,0,3,73,"b'\x01\x06\t\xff\x04Content-Length: 46\r\n\r\n{""type"":""request"",""command"":""threads"",""seq"":9}'",b'010609ff04436f6e74656e742d4c656e6774683a2034360d0a0d0a7b2274797065223a2272657175657374222c22636f6d6d616e64223a2274687265616473222c22736571223a397d'
13,4,5,0,52,16532,DF,0,64,6,41450,172.28.0.12,172.28.0.1,0,1681616389.241212,8080,35306,640539881,1176259661,8,0,A,501,22636,0,3,0,b'',b''
14,4,5,0,337,16533,DF,0,64,6,41164,172.28.0.12,172.28.0.1,0,1681616389.2418299,8080,35306,640539881,1176259661,8,0,PA,501,22921,0,3,285,"b'HTTP/1.1 200 OK\r\nContent-Type: text/html\r\nContent-Length: 2\r\nAccess-Control-Allow-Credentials: true\r\nAccess-Control-Allow-Origin: https://colab.research.google.com\r\nSet-Cookie: io=R_PmmLqmwiabq0EaAAAA; Path=/; HttpOnly\r\nDate: Sun, 16 Apr 2023 03:39:49 GMT\r\nConnection: keep-alive\r\n\r\nok'",b'485454502f312e3120323030204f4b0d0a436f6e74656e742d547970653a20746578742f68746d6c0d0a436f6e74656e742d4c656e6774683a20320d0a4163636573732d436f6e74726f6c2d416c6c6f772d43726564656e7469616c733a20747275650d0a4163636573732d436f6e74726f6c2d416c6c6f772d4f726967696e3a2068747470733a2f2f636f6c61622e72657365617263682e676f6f676c652e636f6d0d0a5365742d436f6f6b69653a20696f3d525f506d6d4c716d7769616271304561414141413b20506174683d2f3b20487474704f6e6c790d0a446174653a2053756e2c2031362041707220323032332030333a33393a343920474d540d0a436f6e6e656374696f6e3a206b6565702d616c6976650d0a0d0a6f6b'
15,4,5,0,52,11490,DF,0,64,6,46492,172.28.0.1,172.28.0.12,0,1681616389.2443392,35306,8080,1176259661,640540166,8,0,A,499,22636,0,3,0,b'',b''
16,4,5,0,823,65366,DF,0,64,6,57380,172.28.0.12,172.28.0.1,0,1681616389.5545228,8080,34096,3959749139,3178070574,8,0,PA,501,23407,0,3,771,"b'HTTP/1.1 200 OK\r\nContent-Type: text/plain; charset=UTF-8\r\nContent-Length: 542\r\nAccess-Control-Allow-Origin: *\r\nSet-Cookie: io=R_PmmLqmwiabq0EaAAAA; Path=/; HttpOnly\r\nDate: Sun, 16 Apr 2023 03:39:49 GMT\r\nConnection: keep-alive\r\n\r\n538:42/python-lsp/10,[""data"",{""data"":""{\\""jsonrpc\\"":\\""2.0\\"",\\""method\\"":\\""textDocument/publishDiagnostics\\"",\\""params\\"":{\\""uri\\"":\\""inmemory://model/1\\"",\\""version\\"":512,\\""diagnostics\\"":[{\\""range\\"":{\\""start\\"":{\\""line\\"":11,\\""character\\"":0},\\""end\\"":{\\""line\\"":11,\\""character\\"":4}},\\""message\\"":\\""Invalid character \\\\\\""\\\\\\\\u21\\\\\\"" in token\\"",\\""severity\\"":1,\\""source\\"":\\""Pyright\\""},{\\""range\\"":{\\""start\\"":{\\""line\\"":21,\\""character\\"":0},\\""end\\"":{\\""line\\"":21,\\""character\\"":1}},\\""message\\"":\\""Expected expression\\"",\\""severity\\"":1,\\""source\\"":\\""Pyright\\""}]}}""}]'",b'485454502f312e3120323030204f4b0d0a436f6e74656e742d547970653a20746578742f706c61696e3b20636861727365743d5554462d380d0a436f6e74656e742d4c656e6774683a203534320d0a4163636573732d436f6e74726f6c2d416c6c6f772d4f726967696e3a202a0d0a5365742d436f6f6b69653a20696f3d525f506d6d4c716d7769616271304561414141413b20506174683d2f3b20487474704f6e6c790d0a446174653a2053756e2c2031362041707220323032332030333a33393a343920474d540d0a436f6e6e656374696f6e3a206b6565702d616c6976650d0a0d0a3533383a34322f707974686f6e2d6c73702f31302c5b2264617461222c7b2264617461223a227b5c226a736f6e7270635c223a5c22322e305c222c5c226d6574686f645c223a5c2274657874446f63756d656e742f7075626c697368446961676e6f73746963735c222c5c22706172616d735c223a7b5c227572695c223a5c22696e6d656d6f72793a2f2f6d6f64656c2f315c222c5c2276657273696f6e5c223a3531322c5c22646961676e6f73746963735c223a5b7b5c2272616e67655c223a7b5c2273746172745c223a7b5c226c696e655c223a31312c5c226368617261637465725c223a307d2c5c22656e645c223a7b5c226c696e655c223a31312c5c226368617261637465725c223a347d7d2c5c226d6573736167655c223a5c22496e76616c696420636861726163746572205c5c5c225c5c5c5c7532315c5c5c2220696e20746f6b656e5c222c5c2273657665726974795c223a312c5c22736f757263655c223a5c22507972696768745c227d2c7b5c2272616e67655c223a7b5c2273746172745c223a7b5c226c696e655c223a32312c5c226368617261637465725c223a307d2c5c22656e645c223a7b5c226c696e655c223a32312c5c226368617261637465725c223a317d7d2c5c226d6573736167655c223a5c2245787065637465642065787072657373696f6e5c222c5c2273657665726974795c223a312c5c22736f757263655c223a5c22507972696768745c227d5d7d7d227d5d'
17,4,5,0,52,39581,DF,0,64,6,18401,172.28.0.1,172.28.0.12,0,1681616389.5946634,34096,8080,3178070574,3959749910,8,0,A,501,22636,0,3,0,b'',b''
18,4,5,0,522,39582,DF,0,64,6,17930,172.28.0.1,172.28.0.12,0,1681616389.7013283,34096,8080,3178070574,3959749910,8,0,PA,501,23106,0,3,470,"b'GET /socket.io/?EIO=3&sid=R_PmmLqmwiabq0EaAAAA&t=OU89STq&transport=polling HTTP/1.1\r\nHost: colab.research.google.com\r\nUser-Agent: Mozilla/5.0 (Windows NT 10.0; Win64; x64; rv:109.0) Gecko/20100101 Firefox/111.0,gzip(gfe)\r\nAccept: */*\r\nAccept-Encoding: gzip, deflate, br,gzip(gfe)\r\nAccept-Language: es-ES,es;q=0.8,en-US;q=0.5,en;q=0.3\r\nReferer: https://colab.research.google.com/\r\nSec-Fetch-Dest: empty\r\nSec-Fetch-Mode: cors\r\nSec-Fetch-Site: same-origin\r\nTe: trailers\r\n\r\n'",b'474554202f736f636b65742e696f2f3f45494f3d33267369643d525f506d6d4c716d77696162713045614141414126743d4f553839535471267472616e73706f72743d706f6c6c696e6720485454502f312e310d0a486f73743a20636f6c61622e72657365617263682e676f6f676c652e636f6d0d0a557365722d4167656e743a204d6f7a696c6c612f352e30202857696e646f7773204e542031302e303b2057696e36343b207836343b2072763a3130392e3029204765636b6f2f32303130303130312046697265666f782f3131312e302c677a697028676665290d0a4163636570743a202a2f2a0d0a4163636570742d456e636f64696e673a20677a69702c206465666c6174652c2062722c677a697028676665290d0a4163636570742d4c616e67756167653a2065732d45532c65733b713d302e382c656e2d55533b713d302e352c656e3b713d302e330d0a526566657265723a2068747470733a2f2f636f6c61622e72657365617263682e676f6f676c652e636f6d2f0d0a5365632d46657463682d446573743a20656d7074790d0a5365632d46657463682d4d6f64653a20636f72730d0a5365632d46657463682d536974653a2073616d652d6f726967696e0d0a54653a20747261696c6572730d0a0d0a'
19,4,5,0,52,65367,DF,0,64,6,58150,172.28.0.12,172.28.0.1,0,1681616389.7013588,8080,34096,3959749910,3178071044,8,0,A,501,22636,0,3,0,b'',b''
20,4,5,0,727,65368,DF,0,64,6,57474,172.28.0.12,172.28.0.1,0,1681616389.7039204,8080,34096,3959749910,3178071044,8,0,PA,501,23311,0,3,675,"b'HTTP/1.1 200 OK\r\nContent-Type: text/plain; charset=UTF-8\r\nContent-Length: 446\r\nAccess-Control-Allow-Origin: *\r\nSet-Cookie: io=R_PmmLqmwiabq0EaAAAA; Path=/; HttpOnly\r\nDate: Sun, 16 Apr 2023 03:39:49 GMT\r\nConnection: keep-alive\r\n\r\n81:42/python-lsp/10,[""data"",{""data"":""{\\""jsonrpc\\"":\\""2.0\\"",\\""id\\"":2,\\""result\\"":[]}""}]358:42/debugger,[""data"",{""data"":""Content-Length: 251\\r\\n\\r\\n{\\""body\\"":{\\""threads\\"":[{\\""id\\"":1,\\""name\\"":\\""MainThread\\""},{\\""id\\"":2,\\""name\\"":\\""Thread-2\\""},{\\""id\\"":3,\\""name\\"":\\""Thread-3\\""},{\\""id\\"":4,\\""name\\"":\\""Thread-1\\""},{\\""id\\"":5,\\""name\\"":\\""_colab_inspector_thread\\""}]},\\""command\\"":\\""threads\\"",\\""request_seq\\"":9,\\""seq\\"":9,\\""success\\"":true,\\""type\\"":\\""response\\""}""}]'",b'485454502f312e3120323030204f4b0d0a436f6e74656e742d547970653a20746578742f706c61696e3b20636861727365743d5554462d380d0a436f6e74656e742d4c656e6774683a203434360d0a4163636573732d436f6e74726f6c2d416c6c6f772d4f726967696e3a202a0d0a5365742d436f6f6b69653a20696f3d525f506d6d4c716d7769616271304561414141413b20506174683d2f3b20487474704f6e6c790d0a446174653a2053756e2c2031362041707220323032332030333a33393a343920474d540d0a436f6e6e656374696f6e3a206b6565702d616c6976650d0a0d0a38313a34322f707974686f6e2d6c73702f31302c5b2264617461222c7b2264617461223a227b5c226a736f6e7270635c223a5c22322e305c222c5c2269645c223a322c5c22726573756c745c223a5b5d7d227d5d3335383a34322f64656275676765722c5b2264617461222c7b2264617461223a22436f6e74656e742d4c656e6774683a203235315c725c6e5c725c6e7b5c22626f64795c223a7b5c22746872656164735c223a5b7b5c2269645c223a312c5c226e616d655c223a5c224d61696e5468726561645c227d2c7b5c2269645c223a322c5c226e616d655c223a5c225468726561642d325c227d2c7b5c2269645c223a332c5c226e616d655c223a5c225468726561642d335c227d2c7b5c2269645c223a342c5c226e616d655c223a5c225468726561642d315c227d2c7b5c2269645c223a352c5c226e616d655c223a5c225f636f6c61625f696e73706563746f725f7468726561645c227d5d7d2c5c22636f6d6d616e645c223a5c22746872656164735c222c5c22726571756573745f7365715c223a392c5c227365715c223a392c5c22737563636573735c223a747275652c5c22747970655c223a5c22726573706f6e73655c227d227d5d'
21,4,5,0,52,39583,DF,0,64,6,18399,172.28.0.1,172.28.0.12,0,1681616389.7039523,34096,8080,3178071044,3959750585,8,0,A,501,22636,0,3,0,b'',b''
22,4,5,0,626,39584,DF,0,64,6,17824,172.28.0.1,172.28.0.12,0,1681616389.971427,34096,8080,3178071044,3959750585,8,0,PA,501,23210,0,3,574,"b'POST /socket.io/?EIO=3&sid=R_PmmLqmwiabq0EaAAAA&t=OU89SY6&transport=polling HTTP/1.1\r\nHost: colab.research.google.com\r\nUser-Agent: Mozilla/5.0 (Windows NT 10.0; Win64; x64; rv:109.0) Gecko/20100101 Firefox/111.0,gzip(gfe)\r\nContent-Length: 55\r\nAccept: */*\r\nAccept-Encoding: gzip, deflate, br,gzip(gfe)\r\nAccept-Language: es-ES,es;q=0.8,en-US;q=0.5,en;q=0.3\r\nContent-Type: text/plain;charset=UTF-8\r\nOrigin: https://colab.research.google.com\r\nReferer: https://colab.research.google.com/\r\nSec-Fetch-Dest: empty\r\nSec-Fetch-Mode: cors\r\nSec-Fetch-Site: same-origin\r\nTe: trailers\r\n\r\n'",b'504f5354202f736f636b65742e696f2f3f45494f3d33267369643d525f506d6d4c716d77696162713045614141414126743d4f553839535936267472616e73706f72743d706f6c6c696e6720485454502f312e310d0a486f73743a20636f6c61622e72657365617263682e676f6f676c652e636f6d0d0a557365722d4167656e743a204d6f7a696c6c612f352e30202857696e646f7773204e542031302e303b2057696e36343b207836343b2072763a3130392e3029204765636b6f2f32303130303130312046697265666f782f3131312e302c677a697028676665290d0a436f6e74656e742d4c656e6774683a2035350d0a4163636570743a202a2f2a0d0a4163636570742d456e636f64696e673a20677a69702c206465666c6174652c2062722c677a697028676665290d0a4163636570742d4c616e67756167653a2065732d45532c65733b713d302e382c656e2d55533b713d302e352c656e3b713d302e330d0a436f6e74656e742d547970653a20746578742f706c61696e3b636861727365743d5554462d380d0a4f726967696e3a2068747470733a2f2f636f6c61622e72657365617263682e676f6f676c652e636f6d0d0a526566657265723a2068747470733a2f2f636f6c61622e72657365617263682e676f6f676c652e636f6d2f0d0a5365632d46657463682d446573743a20656d7074790d0a5365632d46657463682d4d6f64653a20636f72730d0a5365632d46657463682d536974653a2073616d652d6f726967696e0d0a54653a20747261696c6572730d0a0d0a'
23,4,5,0,107,39585,DF,0,64,6,18342,172.28.0.1,172.28.0.12,0,1681616389.971525,34096,8080,3178071618,3959750585,8,0,PA,501,22691,0,3,55,"b'52:451-/debugger,[""data"",{""_placeholder"":true,""num"":0}]'",b'35323a3435312d2f64656275676765722c5b2264617461222c7b225f706c616365686f6c646572223a747275652c226e756d223a307d5d'
24,4,5,0,52,65369,DF,0,64,6,58148,172.28.0.12,172.28.0.1,0,1681616389.9733746,8080,34096,3959750585,3178071673,8,0,A,501,22636,0,3,0,b'',b''
25,4,5,0,337,65370,DF,0,64,6,57862,172.28.0.12,172.28.0.1,0,1681616389.9752796,8080,34096,3959750585,3178071673,8,0,PA,501,22921,0,3,285,"b'HTTP/1.1 200 OK\r\nContent-Type: text/html\r\nContent-Length: 2\r\nAccess-Control-Allow-Credentials: true\r\nAccess-Control-Allow-Origin: https://colab.research.google.com\r\nSet-Cookie: io=R_PmmLqmwiabq0EaAAAA; Path=/; HttpOnly\r\nDate: Sun, 16 Apr 2023 03:39:49 GMT\r\nConnection: keep-alive\r\n\r\nok'",b'485454502f312e3120323030204f4b0d0a436f6e74656e742d547970653a20746578742f68746d6c0d0a436f6e74656e742d4c656e6774683a20320d0a4163636573732d436f6e74726f6c2d416c6c6f772d43726564656e7469616c733a20747275650d0a4163636573732d436f6e74726f6c2d416c6c6f772d4f726967696e3a2068747470733a2f2f636f6c61622e72657365617263682e676f6f676c652e636f6d0d0a5365742d436f6f6b69653a20696f3d525f506d6d4c716d7769616271304561414141413b20506174683d2f3b20487474704f6e6c790d0a446174653a2053756e2c2031362041707220323032332030333a33393a343920474d540d0a436f6e6e656374696f6e3a206b6565702d616c6976650d0a0d0a6f6b'
26,4,5,0,52,39586,DF,0,64,6,18396,172.28.0.1,172.28.0.12,0,1681616389.9753098,34096,8080,3178071673,3959750870,8,0,A,501,22636,0,3,0,b'',b''
27,4,5,0,522,39587,DF,0,64,6,17925,172.28.0.1,172.28.0.12,0,1681616390.0150418,34096,8080,3178071673,3959750870,8,0,PA,501,23106,0,3,470,"b'GET /socket.io/?EIO=3&sid=R_PmmLqmwiabq0EaAAAA&t=OU89SY4&transport=polling HTTP/1.1\r\nHost: colab.research.google.com\r\nUser-Agent: Mozilla/5.0 (Windows NT 10.0; Win64; x64; rv:109.0) Gecko/20100101 Firefox/111.0,gzip(gfe)\r\nAccept: */*\r\nAccept-Encoding: gzip, deflate, br,gzip(gfe)\r\nAccept-Language: es-ES,es;q=0.8,en-US;q=0.5,en;q=0.3\r\nReferer: https://colab.research.google.com/\r\nSec-Fetch-Dest: empty\r\nSec-Fetch-Mode: cors\r\nSec-Fetch-Site: same-origin\r\nTe: trailers\r\n\r\n'",b'474554202f736f636b65742e696f2f3f45494f3d33267369643d525f506d6d4c716d77696162713045614141414126743d4f553839535934267472616e73706f72743d706f6c6c696e6720485454502f312e310d0a486f73743a20636f6c61622e72657365617263682e676f6f676c652e636f6d0d0a557365722d4167656e743a204d6f7a696c6c612f352e30202857696e646f7773204e542031302e303b2057696e36343b207836343b2072763a3130392e3029204765636b6f2f32303130303130312046697265666f782f3131312e302c677a697028676665290d0a4163636570743a202a2f2a0d0a4163636570742d456e636f64696e673a20677a69702c206465666c6174652c2062722c677a697028676665290d0a4163636570742d4c616e67756167653a2065732d45532c65733b713d302e382c656e2d55533b713d302e352c656e3b713d302e330d0a526566657265723a2068747470733a2f2f636f6c61622e72657365617263682e676f6f676c652e636f6d2f0d0a5365632d46657463682d446573743a20656d7074790d0a5365632d46657463682d4d6f64653a20636f72730d0a5365632d46657463682d536974653a2073616d652d6f726967696e0d0a54653a20747261696c6572730d0a0d0a'
28,4,5,0,52,65371,DF,0,64,6,58146,172.28.0.12,172.28.0.1,0,1681616390.0567331,8080,34096,3959750870,3178072143,8,0,A,501,22636,0,3,0,b'',b''
29,4,5,0,627,11491,DF,0,64,6,45916,172.28.0.1,172.28.0.12,0,1681616390.1422803,35306,8080,1176259661,640540166,8,0,PA,501,23211,0,3,575,"b'POST /socket.io/?EIO=3&sid=R_PmmLqmwiabq0EaAAAA&t=OU89San&transport=polling HTTP/1.1\r\nHost: colab.research.google.com\r\nUser-Agent: Mozilla/5.0 (Windows NT 10.0; Win64; x64; rv:109.0) Gecko/20100101 Firefox/111.0,gzip(gfe)\r\nContent-Length: 105\r\nAccept: */*\r\nAccept-Encoding: gzip, deflate, br,gzip(gfe)\r\nAccept-Language: es-ES,es;q=0.8,en-US;q=0.5,en;q=0.3\r\nContent-Type: application/octet-stream\r\nOrigin: https://colab.research.google.com\r\nReferer: https://colab.research.google.com/\r\nSec-Fetch-Dest: empty\r\nSec-Fetch-Mode: cors\r\nSec-Fetch-Site: same-origin\r\nTe: trailers\r\n\r\n'",b'504f5354202f736f636b65742e696f2f3f45494f3d33267369643d525f506d6d4c716d77696162713045614141414126743d4f55383953616e267472616e73706f72743d706f6c6c696e6720485454502f312e310d0a486f73743a20636f6c61622e72657365617263682e676f6f676c652e636f6d0d0a557365722d4167656e743a204d6f7a696c6c612f352e30202857696e646f7773204e542031302e303b2057696e36343b207836343b2072763a3130392e3029204765636b6f2f32303130303130312046697265666f782f3131312e302c677a697028676665290d0a436f6e74656e742d4c656e6774683a203130350d0a4163636570743a202a2f2a0d0a4163636570742d456e636f64696e673a20677a69702c206465666c6174652c2062722c677a697028676665290d0a4163636570742d4c616e67756167653a2065732d45532c65733b713d302e382c656e2d55533b713d302e352c656e3b713d302e330d0a436f6e74656e742d547970653a206170706c69636174696f6e2f6f637465742d73747265616d0d0a4f726967696e3a2068747470733a2f2f636f6c61622e72657365617263682e676f6f676c652e636f6d0d0a526566657265723a2068747470733a2f2f636f6c61622e72657365617263682e676f6f676c652e636f6d2f0d0a5365632d46657463682d446573743a20656d7074790d0a5365632d46657463682d4d6f64653a20636f72730d0a5365632d46657463682d536974653a2073616d652d6f726967696e0d0a54653a20747261696c6572730d0a0d0a'
30,4,5,0,157,11492,DF,0,64,6,46385,172.28.0.1,172.28.0.12,0,1681616390.143248,35306,8080,1176260236,640540166,8,0,PA,501,22741,0,3,105,"b'\x01\x01\x00\x00\xff\x04Content-Length: 77\r\n\r\n{""type"":""request"",""command"":""stackTrace"",""seq"":10,""arguments"":{""threadId"":1}}'",b'01010000ff04436f6e74656e742d4c656e6774683a2037370d0a0d0a7b2274797065223a2272657175657374222c22636f6d6d616e64223a22737461636b5472616365222c22736571223a31302c22617267756d656e7473223a7b227468726561644964223a317d7d'
31,4,5,0,52,16534,DF,0,64,6,41448,172.28.0.12,172.28.0.1,0,1681616390.1432645,8080,35306,640540166,1176260341,8,0,A,501,22636,0,3,0,b'',b''
32,4,5,0,337,16535,DF,0,64,6,41162,172.28.0.12,172.28.0.1,0,1681616390.1439264,8080,35306,640540166,1176260341,8,0,PA,501,22921,0,3,285,"b'HTTP/1.1 200 OK\r\nContent-Type: text/html\r\nContent-Length: 2\r\nAccess-Control-Allow-Credentials: true\r\nAccess-Control-Allow-Origin: https://colab.research.google.com\r\nSet-Cookie: io=R_PmmLqmwiabq0EaAAAA; Path=/; HttpOnly\r\nDate: Sun, 16 Apr 2023 03:39:50 GMT\r\nConnection: keep-alive\r\n\r\nok'",b'485454502f312e3120323030204f4b0d0a436f6e74656e742d547970653a20746578742f68746d6c0d0a436f6e74656e742d4c656e6774683a20320d0a4163636573732d436f6e74726f6c2d416c6c6f772d43726564656e7469616c733a20747275650d0a4163636573732d436f6e74726f6c2d416c6c6f772d4f726967696e3a2068747470733a2f2f636f6c61622e72657365617263682e676f6f676c652e636f6d0d0a5365742d436f6f6b69653a20696f3d525f506d6d4c716d7769616271304561414141413b20506174683d2f3b20487474704f6e6c790d0a446174653a2053756e2c2031362041707220323032332030333a33393a353020474d540d0a436f6e6e656374696f6e3a206b6565702d616c6976650d0a0d0a6f6b'
33,4,5,0,52,11493,DF,0,64,6,46489,172.28.0.1,172.28.0.12,0,1681616390.1448433,35306,8080,1176260341,640540451,8,0,A,499,22636,0,3,0,b'',b''
34,4,5,0,1216,65372,DF,0,64,6,56981,172.28.0.12,172.28.0.1,0,1681616391.1208887,8080,34096,3959750870,3178072143,8,0,PA,501,23800,0,3,1164,"b'HTTP/1.1 200 OK\r\nContent-Type: text/plain; charset=UTF-8\r\nContent-Encoding: gzip\r\nContent-Length: 911\r\nAccess-Control-Allow-Origin: *\r\nSet-Cookie: io=R_PmmLqmwiabq0EaAAAA; Path=/; HttpOnly\r\nDate: Sun, 16 Apr 2023 03:39:51 GMT\r\nConnection: keep-alive\r\n\r\n\x1f\x8b\x08\x00\x00\x00\x00\x00\x00\x03\xd5\x99M\x8f\xda0\x10\x86\xff\xca\x8a34_$$\\+U\xad\xd4CU\xf5V\xaa\xc88\x03X8\xb6\xd7vhi\xc5\x7f\xef$a\x17g\xd9m\xa5\xb0\xa4\xe5\xb0\xc2\x89\x97\xc9\xfbx\xc63\xe3\x90D\xb3d>\r\xbd\x02\x96\xd5z\rz\xfcuT\x10KF\xe3_\xed\xe7|\xf4V\n\x0b\xc2N>\x82X\xdb\xcd\xfc.N\x02\x7f\xa1\x17\xa2\xfe\xfb\xb5\x18-e\xb1_\x8c\xe682\x96\xd0\xed;MJ0x\xe3+\xde\xa1\x92W\xa5\xc0\x8b`\xbc\x18\xb1\x02\x07\xb3\x04G\x9c\t\xc0q\x98L\xf1B\xe0\xff\xe3\x05~\x1d8P\xbb\x18\xe1=\xa5\xc1\xe0#\x89eR\xbcg\xc2\xb6\xf3\xd5\xd2rh\xe6\x8d\xac4\x85\xf6\xa9\x8a\xd8M3\xefUF{\\R\xc2=\xce\x96\x9e\xda\xdb\x8d\x14\xd1\x9b\xcc+\x98\xb1\x13\x85\xda\xc8\x1a\x8cg(Q{\xcfT\n\xb4\x91t\x0b\xf6\x8d\xda;F?\xc3\n4\x88\xc6\xba\x7f8\x8c\x9f\xa7\x98\x9d(\x820\xc8\\\x8c\\Wb(\x08\x10\x85\x06\xba\xebC\x90:\x04Q\x10t\x1c!\xd8ju\x03\x08\x99\x13J\xae\xfe\xc5\xa2\xf2\xfd\x88R\xe0\xfc\xae\x9e\x9f\xdf\x85\xed\xad?\x88>~\x87\xb5j\'L\xa8\xcaN\xa6\x93t\x9a\x86\x94F\x89\xbf\x84\xe0\xdc\x86+3\x88_\xd2\x19\x84\'\x9dQ\x1cG\xaeT\x8c\x95\x9c\xca\x02\xae\xbe\xda\x1f>5\x13\x1e\x95\x1a<\xb4\r\x9aP\xcbv`6\xb8J=\x16?\x88\x1c\xa8\xe9\xec\x0c\x8a\x18\x9b\x0b\x043\xb7G6u\xc8\xc2xv\xe6.4\x8bx{Ao\x0f->\xa15\t\xe0\x94\xb4\x94\x81\xaa\x90y\x8dU\'0\x01zX\xbafAs\xe4\xaa\xd3r\x1f4\xa7\xaeD~\xe4?\xcd\xc8\x8d\xdbn\xcfaN\x9d\t\xb3Y\xfc\\,\xde\x1e\x94Sz\xe2(\xfb\'L\x98\xe7\xb7\xa0\x05p\xefgy\xdf\x1b$sc\xaeS\x82p+\xc1\x0f\xa0\x95\xbd~f?\xa10\xd5\x0ez\xa0\xa4\xbe\x13hQ\xa7-\xfb\xae\x89R\x03\xa4\x03+\xb5 \x85\xf4\xd6 z\x00\x84\xc1\x8bAutD\xae\xe1\xbe\x02s\xfd\x06\xf3\xe4\x90\xf6cI\x0c\xf4qIp\xeb.qZ\x840\xe9t\x98\xf8\x18\xd4B7y\xb3\xf5n\xc6#\xe1\xad{\xc4\xa9\xffQ\xd7#JK\n\xc6\xe4R\x0c\x99\xb1.s\x87\x13_\xb3\xb4\x93~\x878\x82]\xe8\n\xa7\xb2\xa7a\xc7\x15l\x90\xee\xeb2\xf9\xa9\xd3$\xcf\xa6\xcft[\x84\xa3[\xe9v0\x0c&\xb9\x94\xaa\x8f#\x9c""\x9e\xa4\x9dn\xffx&\xe4\xa4\\\x16\xc4=\xfd\xfd\xd7@S\xa7\x94\xa7g\x9e\xb9T\x7fGy\xd3\xb43\xe9\xc1\x0e\xad\xf5\xe9\xda#\xa7\xc6\x05\x99\x1f\x9f\xc5\x91l\x0c\\Ar\x9ds\xf2\xfe\xba\x9dJ\x90\xf8\x9d\xdd[\xab^a\xa7\xbc\xbb|\x0f_C\xb8[\x93\x83\xcez\x1bK\xf4\xf5\x9b\xa3\x87\xf0V\x9cX\\\xa6\xf2\x81\xab\x0f\x8b\x93\x83\x92\xee;\xb8aX\x9e\xd61l\x01\xfa`8E9\xcb:e\x8c\x93J`\x93\xc4\x04\xf2\xbc\xc2F\xf8\xbbs4ah\xc7\x1a<\xeb\x89\x15[{H\xc4\x19m\x9e\xd5\x87\xcc9\x937\xe7\xf3\xa7\x99\xb5\x94E\x85\xb2\x07\xca\xac\x8f\xee\xca\xdbu\x05\xdd\x87\xc9\xad\xdb\x9dj\x91\xbf\xd6\xbb\xbc\x0e\x02\x1aU\xfb>:\xdd\xf7\xbb\xd9\xb9\xd0v\xe9sb\xf2\x92\xb0\xd7\xad\n\x7f\x97\xfc\r\'\xac\xb4\x84?\xfeX\x10\x05\x87q\x8dQ\x96D\x14\x0f[\x98n\xbfhr\x0c\xfb\xe3\xe1-7p_\x13\xd5u\xcd\x1dV\xb4\xee^\xf1\xd2\xea\nj\xeb{uL\xc7`\x94\x14\x06/\x0e\xa3\xc3\xb7\xdf\x862D\xa5\xed\x18\x00\x00'",b'485454502f312e3120323030204f4b0d0a436f6e74656e742d547970653a20746578742f706c61696e3b20636861727365743d5554462d380d0a436f6e74656e742d456e636f64696e673a20677a69700d0a436f6e74656e742d4c656e6774683a203931310d0a4163636573732d436f6e74726f6c2d416c6c6f772d4f726967696e3a202a0d0a5365742d436f6f6b69653a20696f3d525f506d6d4c716d7769616271304561414141413b20506174683d2f3b20487474704f6e6c790d0a446174653a2053756e2c2031362041707220323032332030333a33393a353120474d540d0a436f6e6e656374696f6e3a206b6565702d616c6976650d0a0d0a1f8b0800000000000003d5994d8fda301086ffca8a33345f24245c2b55add44355f556aac838035838b6d7766869c57fef24611767d96da5b0a4e5b0c28997c9fb78c633e39044b3643e0dbd0296d57a0d7afc7554104b46e35fede77cf4560a0bc24e3e8258dbcdfc2e4e027fa117a2fefbb5182d65b15f8ce6383296d0ed3b4d4a3078e32bdea19257a5c08b60bc18b10207b304479c09c071984cf142e0ffe3057e1d3850bb18e13da5c1e023896552bc67c2b6f3d5d27268e68dac3485f6a98ad84d33ef55467b5c52c23dce969edadb8d14d19bcc2b98b11385dac81a8c6728517bcf540ab491740bf68dda3b463fc30a3488c6ba7f388c9fa7989d288230c85c8c5c57622808108506baeb43903a045110741c21d86a75030899134aaefec5a2f2fd8852e0fcae9e9fdf85edad3f883e7e87b56a274ca8ca4ea693749a86944689bf84e0dc862b33885fd21984279d511c47ae548c959cca02aebeda1f3e35131e951a3cb40d9a50cb766036b84a3d163f881ca8e9ec0c8a189b0b0433b7473675c8c27876e62e348b787b416f0f2d3ea13509e094b49481aa90798d552730017a58ba664173e4aad3721f34a7ae447ee43fcdc88ddb6ecf614e9d09b359fc5c2cde1e94537ae228fb274c98e7b7a00570ef6779df1b247363ae5382702bc10fa095bd7e663fa130d50e7aa0a4be136851a72dfbae895203a4032bb52085f4d6207a0084c18b41757444aee1be0273fd06f3e490f663490cf4714970eb2e715a8430e97498f818d4423779b3f56ec623e1ad7bc4a9ff51d7234a4b0ac6e4520c99b12e7387135fb3b4937e8738825de80aa7b2a761c7156c90eeeb32f9a9d324cfa6cf745b84a35be976300c26b994aa8f239c229ea49d6eff7826e4a45c16c43dfdfdd74053a794a7679eb9547f4779d3b433e9c10eadf5e9da23a7c605991f9fc5916c0c5c41729d73f2feba9d4a90f89ddd5bab5e61a7bcbb7c0f5f43b85b9383ce7a1b4bf4f59ba387f0569c585ca6f281ab0f8b938392ee3bb861589ed6316c01fa60384539cb3a658c934a6093c404f2bcc246f8bb73346168c71a3ceb89155b7b48c4196d9ed587cc399337e7f3a799b5944585b207caac8feecadb7505dd87c9addb9d6a91bfd6bbbc0e021a55fb3e3addf7bbd9b9d076e97362f292b0d7ad0a7f97fc0d27acb4843ffe58100587718d519644140f5b986ebf68720cfbe3e12d37705f13d575cd1d56b4ee5ef1d2ea0a6aeb7b754cc7609414062f0ea3c3b7df863244a5ed180000'
35,4,5,0,52,39588,DF,0,64,6,18394,172.28.0.1,172.28.0.12,0,1681616391.1209407,34096,8080,3178072143,3959752034,8,0,A,501,22636,0,3,0,b'',b''
36,4,5,0,522,39589,DF,0,64,6,17923,172.28.0.1,172.28.0.12,0,1681616391.3035982,34096,8080,3178072143,3959752034,8,0,PA,501,23106,0,3,470,"b'GET /socket.io/?EIO=3&sid=R_PmmLqmwiabq0EaAAAA&t=OU89Ssx&transport=polling HTTP/1.1\r\nHost: colab.research.google.com\r\nUser-Agent: Mozilla/5.0 (Windows NT 10.0; Win64; x64; rv:109.0) Gecko/20100101 Firefox/111.0,gzip(gfe)\r\nAccept: */*\r\nAccept-Encoding: gzip, deflate, br,gzip(gfe)\r\nAccept-Language: es-ES,es;q=0.8,en-US;q=0.5,en;q=0.3\r\nReferer: https://colab.research.google.com/\r\nSec-Fetch-Dest: empty\r\nSec-Fetch-Mode: cors\r\nSec-Fetch-Site: same-origin\r\nTe: trailers\r\n\r\n'",b'474554202f736f636b65742e696f2f3f45494f3d33267369643d525f506d6d4c716d77696162713045614141414126743d4f553839537378267472616e73706f72743d706f6c6c696e6720485454502f312e310d0a486f73743a20636f6c61622e72657365617263682e676f6f676c652e636f6d0d0a557365722d4167656e743a204d6f7a696c6c612f352e30202857696e646f7773204e542031302e303b2057696e36343b207836343b2072763a3130392e3029204765636b6f2f32303130303130312046697265666f782f3131312e302c677a697028676665290d0a4163636570743a202a2f2a0d0a4163636570742d456e636f64696e673a20677a69702c206465666c6174652c2062722c677a697028676665290d0a4163636570742d4c616e67756167653a2065732d45532c65733b713d302e382c656e2d55533b713d302e352c656e3b713d302e330d0a526566657265723a2068747470733a2f2f636f6c61622e72657365617263682e676f6f676c652e636f6d2f0d0a5365632d46657463682d446573743a20656d7074790d0a5365632d46657463682d4d6f64653a20636f72730d0a5365632d46657463682d536974653a2073616d652d6f726967696e0d0a54653a20747261696c6572730d0a0d0a'
37,4,5,0,52,65373,DF,0,64,6,58144,172.28.0.12,172.28.0.1,0,1681616391.3036363,8080,34096,3959752034,3178072613,8,0,A,501,22636,0,3,0,b'',b''
38,4,5,0,472,11494,DF,0,64,6,46068,172.28.0.1,172.28.0.12,0,1681616394.1614962,35306,8080,1176260341,640540451,8,0,PA,501,23056,0,3,420,"b'GET /api/colab/resources HTTP/1.1\r\nHost: colab.research.google.com\r\nUser-Agent: Mozilla/5.0 (Windows NT 10.0; Win64; x64; rv:109.0) Gecko/20100101 Firefox/111.0,gzip(gfe)\r\nAccept: */*\r\nAccept-Encoding: gzip, deflate, br,gzip(gfe)\r\nAccept-Language: es-ES,es;q=0.8,en-US;q=0.5,en;q=0.3\r\nReferer: https://colab.research.google.com/\r\nSec-Fetch-Dest: empty\r\nSec-Fetch-Mode: cors\r\nSec-Fetch-Site: same-origin\r\nTe: trailers\r\n\r\n'",b'474554202f6170692f636f6c61622f7265736f757263657320485454502f312e310d0a486f73743a20636f6c61622e72657365617263682e676f6f676c652e636f6d0d0a557365722d4167656e743a204d6f7a696c6c612f352e30202857696e646f7773204e542031302e303b2057696e36343b207836343b2072763a3130392e3029204765636b6f2f32303130303130312046697265666f782f3131312e302c677a697028676665290d0a4163636570743a202a2f2a0d0a4163636570742d456e636f64696e673a20677a69702c206465666c6174652c2062722c677a697028676665290d0a4163636570742d4c616e67756167653a2065732d45532c65733b713d302e382c656e2d55533b713d302e352c656e3b713d302e330d0a526566657265723a2068747470733a2f2f636f6c61622e72657365617263682e676f6f676c652e636f6d2f0d0a5365632d46657463682d446573743a20656d7074790d0a5365632d46657463682d4d6f64653a20636f72730d0a5365632d46657463682d536974653a2073616d652d6f726967696e0d0a54653a20747261696c6572730d0a0d0a'
39,4,5,0,612,16536,DF,0,64,6,40886,172.28.0.12,172.28.0.1,0,1681616394.1846797,8080,35306,640540451,1176260761,8,0,PA,501,23196,0,3,560,"b'HTTP/1.1 200 OK\r\naccess-control-allow-origin: *\r\ncontent-length: 184\r\ncontent-security-policy: frame-ancestors \'self\'; report-uri /api/security/csp-report; default-src \'none\'\r\ncontent-type: application/json\r\ndate: Sun, 16 Apr 2023 03:39:54 GMT\r\netag: ""d397b1cf75387dd6c5ce6b09a2bb312b32e52c86""\r\nserver: TornadoServer/6.2\r\nx-content-type-options: nosniff\r\nconnection: close\r\n\r\n)]}\'\n{""memory"": {""totalBytes"": 13616324608, ""freeBytes"": 12404727808}, ""disks"": [{""filesystem"": {""label"": ""kernel"", ""totalBytes"": 115658190848, ""usedBytes"": 24896241664}}], ""gpus"": []}'",b'485454502f312e3120323030204f4b0d0a6163636573732d636f6e74726f6c2d616c6c6f772d6f726967696e3a202a0d0a636f6e74656e742d6c656e6774683a203138340d0a636f6e74656e742d73656375726974792d706f6c6963793a206672616d652d616e636573746f7273202773656c66273b207265706f72742d757269202f6170692f73656375726974792f6373702d7265706f72743b2064656661756c742d73726320276e6f6e65270d0a636f6e74656e742d747970653a206170706c69636174696f6e2f6a736f6e0d0a646174653a2053756e2c2031362041707220323032332030333a33393a353420474d540d0a657461673a202264333937623163663735333837646436633563653662303961326262333132623332653532633836220d0a7365727665723a20546f726e61646f5365727665722f362e320d0a782d636f6e74656e742d747970652d6f7074696f6e733a206e6f736e6966660d0a636f6e6e656374696f6e3a20636c6f73650d0a0d0a295d7d270a7b226d656d6f7279223a207b22746f74616c4279746573223a2031333631363332343630382c2022667265654279746573223a2031323430343732373830387d2c20226469736b73223a205b7b2266696c6573797374656d223a207b226c6162656c223a20226b65726e656c222c2022746f74616c4279746573223a203131353635383139303834382c2022757365644279746573223a2032343839363234313636347d7d5d2c202267707573223a205b5d7d'
40,4,5,0,52,11495,DF,0,64,6,46487,172.28.0.1,172.28.0.12,0,1681616394.184723,35306,8080,1176260761,640541011,8,0,A,501,22636,0,3,0,b'',b''
41,4,5,0,52,11496,DF,0,64,6,46486,172.28.0.1,172.28.0.12,0,1681616394.1850095,35306,8080,1176260761,640541011,8,0,FA,501,22636,0,3,0,b'',b''
42,4,5,0,52,16537,DF,0,64,6,41445,172.28.0.12,172.28.0.1,0,1681616394.1881888,8080,35306,640541011,1176260762,8,0,FA,501,22636,0,3,0,b'',b''
43,4,5,0,52,11497,DF,0,64,6,46485,172.28.0.1,172.28.0.12,0,1681616394.1882238,35306,8080,1176260762,640541012,8,0,A,501,22636,0,3,0,b'',b''
44,4,5,0,60,48619,DF,0,64,6,9355,172.28.0.1,172.28.0.12,0,1681616394.5047114,47730,8080,982347602,0,10,0,S,64240,22644,0,5,0,b'',b''
45,4,5,0,60,0,DF,0,64,6,57974,172.28.0.12,172.28.0.1,0,1681616394.504753,8080,47730,1467065110,982347603,10,0,SA,65160,22644,0,5,0,b'',b''
46,4,5,0,52,48620,DF,0,64,6,9362,172.28.0.1,172.28.0.12,0,1681616394.5047781,47730,8080,982347603,1467065111,8,0,A,502,22636,0,3,0,b'',b''
47,4,5,0,625,48621,DF,0,64,6,8788,172.28.0.1,172.28.0.12,0,1681616394.505664,47730,8080,982347603,1467065111,8,0,PA,502,23209,0,3,573,"b'POST /socket.io/?EIO=3&sid=R_PmmLqmwiabq0EaAAAA&t=OU89Teu&transport=polling HTTP/1.1\r\nHost: colab.research.google.com\r\nUser-Agent: Mozilla/5.0 (Windows NT 10.0; Win64; x64; rv:109.0) Gecko/20100101 Firefox/111.0,gzip(gfe)\r\nContent-Length: 3\r\nAccept: */*\r\nAccept-Encoding: gzip, deflate, br,gzip(gfe)\r\nAccept-Language: es-ES,es;q=0.8,en-US;q=0.5,en;q=0.3\r\nContent-Type: text/plain;charset=UTF-8\r\nOrigin: https://colab.research.google.com\r\nReferer: https://colab.research.google.com/\r\nSec-Fetch-Dest: empty\r\nSec-Fetch-Mode: cors\r\nSec-Fetch-Site: same-origin\r\nTe: trailers\r\n\r\n'",b'504f5354202f736f636b65742e696f2f3f45494f3d33267369643d525f506d6d4c716d77696162713045614141414126743d4f553839546575267472616e73706f72743d706f6c6c696e6720485454502f312e310d0a486f73743a20636f6c61622e72657365617263682e676f6f676c652e636f6d0d0a557365722d4167656e743a204d6f7a696c6c612f352e30202857696e646f7773204e542031302e303b2057696e36343b207836343b2072763a3130392e3029204765636b6f2f32303130303130312046697265666f782f3131312e302c677a697028676665290d0a436f6e74656e742d4c656e6774683a20330d0a4163636570743a202a2f2a0d0a4163636570742d456e636f64696e673a20677a69702c206465666c6174652c2062722c677a697028676665290d0a4163636570742d4c616e67756167653a2065732d45532c65733b713d302e382c656e2d55533b713d302e352c656e3b713d302e330d0a436f6e74656e742d547970653a20746578742f706c61696e3b636861727365743d5554462d380d0a4f726967696e3a2068747470733a2f2f636f6c61622e72657365617263682e676f6f676c652e636f6d0d0a526566657265723a2068747470733a2f2f636f6c61622e72657365617263682e676f6f676c652e636f6d2f0d0a5365632d46657463682d446573743a20656d7074790d0a5365632d46657463682d4d6f64653a20636f72730d0a5365632d46657463682d536974653a2073616d652d6f726967696e0d0a54653a20747261696c6572730d0a0d0a'
48,4,5,0,52,53347,DF,0,64,6,4635,172.28.0.12,172.28.0.1,0,1681616394.505684,8080,47730,1467065111,982348176,8,0,A,505,22636,0,3,0,b'',b''
49,4,5,0,55,48622,DF,0,64,6,9357,172.28.0.1,172.28.0.12,0,1681616394.505783,47730,8080,982348176,1467065111,8,0,PA,502,22639,0,3,3,b'1:2',b'313a32'
50,4,5,0,52,53348,DF,0,64,6,4634,172.28.0.12,172.28.0.1,0,1681616394.505789,8080,47730,1467065111,982348179,8,0,A,505,22636,0,3,0,b'',b''
51,4,5,0,282,65374,DF,0,64,6,57913,172.28.0.12,172.28.0.1,0,1681616394.5073137,8080,34096,3959752034,3178072613,8,0,PA,501,22866,0,3,230,"b'HTTP/1.1 200 OK\r\nContent-Type: text/plain; charset=UTF-8\r\nContent-Length: 3\r\nAccess-Control-Allow-Origin: *\r\nSet-Cookie: io=R_PmmLqmwiabq0EaAAAA; Path=/; HttpOnly\r\nDate: Sun, 16 Apr 2023 03:39:54 GMT\r\nConnection: keep-alive\r\n\r\n1:3'",b'485454502f312e3120323030204f4b0d0a436f6e74656e742d547970653a20746578742f706c61696e3b20636861727365743d5554462d380d0a436f6e74656e742d4c656e6774683a20330d0a4163636573732d436f6e74726f6c2d416c6c6f772d4f726967696e3a202a0d0a5365742d436f6f6b69653a20696f3d525f506d6d4c716d7769616271304561414141413b20506174683d2f3b20487474704f6e6c790d0a446174653a2053756e2c2031362041707220323032332030333a33393a353420474d540d0a436f6e6e656374696f6e3a206b6565702d616c6976650d0a0d0a313a33'
52,4,5,0,52,39590,DF,0,64,6,18392,172.28.0.1,172.28.0.12,0,1681616394.5073373,34096,8080,3178072613,3959752264,8,0,A,501,22636,0,3,0,b'',b''
53,4,5,0,337,53349,DF,0,64,6,4348,172.28.0.12,172.28.0.1,0,1681616394.507548,8080,47730,1467065111,982348179,8,0,PA,505,22921,0,3,285,"b'HTTP/1.1 200 OK\r\nContent-Type: text/html\r\nContent-Length: 2\r\nAccess-Control-Allow-Credentials: true\r\nAccess-Control-Allow-Origin: https://colab.research.google.com\r\nSet-Cookie: io=R_PmmLqmwiabq0EaAAAA; Path=/; HttpOnly\r\nDate: Sun, 16 Apr 2023 03:39:54 GMT\r\nConnection: keep-alive\r\n\r\nok'",b'485454502f312e3120323030204f4b0d0a436f6e74656e742d547970653a20746578742f68746d6c0d0a436f6e74656e742d4c656e6774683a20320d0a4163636573732d436f6e74726f6c2d416c6c6f772d43726564656e7469616c733a20747275650d0a4163636573732d436f6e74726f6c2d416c6c6f772d4f726967696e3a2068747470733a2f2f636f6c61622e72657365617263682e676f6f676c652e636f6d0d0a5365742d436f6f6b69653a20696f3d525f506d6d4c716d7769616271304561414141413b20506174683d2f3b20487474704f6e6c790d0a446174653a2053756e2c2031362041707220323032332030333a33393a353420474d540d0a436f6e6e656374696f6e3a206b6565702d616c6976650d0a0d0a6f6b'
54,4,5,0,52,48623,DF,0,64,6,9359,172.28.0.1,172.28.0.12,0,1681616394.5075648,47730,8080,982348179,1467065396,8,0,A,501,22636,0,3,0,b'',b''
55,4,5,0,522,39591,DF,0,64,6,17921,172.28.0.1,172.28.0.12,0,1681616394.6533673,34096,8080,3178072613,3959752264,8,0,PA,501,23106,0,3,470,"b'GET /socket.io/?EIO=3&sid=R_PmmLqmwiabq0EaAAAA&t=OU89Th3&transport=polling HTTP/1.1\r\nHost: colab.research.google.com\r\nUser-Agent: Mozilla/5.0 (Windows NT 10.0; Win64; x64; rv:109.0) Gecko/20100101 Firefox/111.0,gzip(gfe)\r\nAccept: */*\r\nAccept-Encoding: gzip, deflate, br,gzip(gfe)\r\nAccept-Language: es-ES,es;q=0.8,en-US;q=0.5,en;q=0.3\r\nReferer: https://colab.research.google.com/\r\nSec-Fetch-Dest: empty\r\nSec-Fetch-Mode: cors\r\nSec-Fetch-Site: same-origin\r\nTe: trailers\r\n\r\n'",b'474554202f736f636b65742e696f2f3f45494f3d33267369643d525f506d6d4c716d77696162713045614141414126743d4f553839546833267472616e73706f72743d706f6c6c696e6720485454502f312e310d0a486f73743a20636f6c61622e72657365617263682e676f6f676c652e636f6d0d0a557365722d4167656e743a204d6f7a696c6c612f352e30202857696e646f7773204e542031302e303b2057696e36343b207836343b2072763a3130392e3029204765636b6f2f32303130303130312046697265666f782f3131312e302c677a697028676665290d0a4163636570743a202a2f2a0d0a4163636570742d456e636f64696e673a20677a69702c206465666c6174652c2062722c677a697028676665290d0a4163636570742d4c616e67756167653a2065732d45532c65733b713d302e382c656e2d55533b713d302e352c656e3b713d302e330d0a526566657265723a2068747470733a2f2f636f6c61622e72657365617263682e676f6f676c652e636f6d2f0d0a5365632d46657463682d446573743a20656d7074790d0a5365632d46657463682d4d6f64653a20636f72730d0a5365632d46657463682d536974653a2073616d652d6f726967696e0d0a54653a20747261696c6572730d0a0d0a'
56,4,5,0,52,65375,DF,0,64,6,58142,172.28.0.12,172.28.0.1,0,1681616394.6533983,8080,34096,3959752264,3178073083,8,0,A,501,22636,0,3,0,b'',b''
57,4,5,0,159,18556,DF,0,64,6,39319,172.28.0.1,172.28.0.12,0,1681616395.2285154,44538,6000,638275161,3176656857,8,0,PA,501,22743,0,3,107,b'GET /debug/vars HTTP/1.1\r\nHost: 172.28.0.12:6000\r\nUser-Agent: Go-http-client/1.1\r\nAccept-Encoding: gzip\r\n\r\n',b'474554202f64656275672f7661727320485454502f312e310d0a486f73743a203137322e32382e302e31323a363030300d0a557365722d4167656e743a20476f2d687474702d636c69656e742f312e310d0a4163636570742d456e636f64696e673a20677a69700d0a0d0a'
58,4,5,0,4148,9162,DF,0,64,6,44724,172.28.0.12,172.28.0.1,0,1681616395.229178,6000,44538,3176656857,638275268,8,0,PA,509,26732,0,3,4096,"b'HTTP/1.1 200 OK\r\nContent-Type: application/json; charset=utf-8\r\nDate: Sun, 16 Apr 2023 03:39:55 GMT\r\nTransfer-Encoding: chunked\r\n\r\n800\r\n{\n""cmdline"": [""/usr/colab/bin/kernel_manager_proxy"",""--logtostderr"",""--listen_port=6000"",""--target_port=9000"",""--listen_host=172.28.0.12"",""--target_host=172.28.0.12"",""--tunnel_background_save_url=https://colab.research.google.com/tun/m/cc48301118ce562b961b3c22d803539adc1e0c19/m-s-jrin8ldljjcp"",""--tunnel_background_save_delay=10s"",""--tunnel_periodic_background_save_frequency=30m0s"",""--enable_output_coalescing=true"",""--output_coalescing_required=true""],\n""colab.active_executions"": 1,\n""colab.unacknowledged_executions"": 1,\n""memstats"": {""Alloc"":2153560,""TotalAlloc"":2153560,""Sys"":13628680,""Lookups"":0,""Mallocs"":15017,""Frees"":1337,""HeapAlloc"":2153560,""HeapSys"":3702784,""HeapIdle"":647168,""HeapInuse"":3055616,""HeapReleased"":614400,""HeapObjects"":13680,""StackInuse"":491520,""StackSys"":491520,""MSpanInuse"":54240,""MSpanSys"":65280,""MCacheInuse"":2400,""MCacheSys"":15600,""BuckHashSys"":1444953,""GCSys"":7418152,""OtherSys"":490391,""NextGC"":4194304,""LastGC"":0,""PauseTotalNs"":0,""PauseNs"":[0,0,0,0,0,0,0,0,0,0,0,0,0,0,0,0,0,0,0,0,0,0,0,0,0,0,0,0,0,0,0,0,0,0,0,0,0,0,0,0,0,0,0,0,0,0,0,0,0,0,0,0,0,0,0,0,0,0,0,0,0,0,0,0,0,0,0,0,0,0,0,0,0,0,0,0,0,0,0,0,0,0,0,0,0,0,0,0,0,0,0,0,0,0,0,0,0,0,0,0,0,0,0,0,0,0,0,0,0,0,0,0,0,0,0,0,0,0,0,0,0,0,0,0,0,0,0,0,0,0,0,0,0,0,0,0,0,0,0,0,0,0,0,0,0,0,0,0,0,0,0,0,0,0,0,0,0,0,0,0,0,0,0,0,0,0,0,0,0,0,0,0,0,0,0,0,0,0,0,0,0,0,0,0,0,0,0,0,0,0,0,0,0,0,0,0,0,0,0,0,0,0,0,0,0,0,0,0,0,0,0,0,0,0,0,0,0,0,0,0,0,0,0,0,0,0,0,0,0,0,0,0,0,0,0,0,0,0,0,0,0,0,0,0,0,0,0,0,0,0,0,0,0,0,0,0],""PauseEnd"":[0,0,0,0,0,0,0,0,0,0,0,0,0,0,0,0,0,0,0,0,0,0,0,0,0,0,0,0,0,0,0,0,0,0,0,0,0,0,0,0,0,0,0,0,0,0,0,0,0,0,0,0,0,0,0,0,0,0,0,0,0,0,0,0,0,0,0,0,0,0,0,0,0,0,0,0,0,0,0,0,0,0,0,0,0,0,0,0,0,0,0,0,0,0,0,0,0,0,0,0,0,0,0,0,0,0,0,0,0,0,0,0,0,0,0,0,0,0,0,0,0,0,0,0,0,0,0,0,0,0,0,0,0,0,0,0,0,0,0,0,0,0,0,0,0,0,0,0,0,0,0,0,0,0,0,0,0,0,0,0,0,0,0,0,0,0,0,0,0,0,0,0,0,0,0,0,0,0,0,0,0,0,0,0,0,0,0,0,0,0,0,0,0,0,0,0,0,0,0,0,0,0,0,0,0,0,0,0,0,0,0,0,0,0,0,0,0,0,0,0,0,0,0,0,0,0,0,0,0,0,0,0,0,0,0,0,0,0,0,0,0,0,0,0,0,0,0,0,0,0,0,0,0,0,0,0],""NumGC"":0,""NumForcedGC"":0,""GCCPUFractio\r\n8d5\r\nn"":0,""EnableGC"":true,""DebugGC"":false,""BySize"":[{""Size"":0,""Mallocs"":0,""Frees"":0},{""Size"":8,""Mallocs"":129,""Frees"":0},{""Size"":16,""Mallocs"":4408,""Frees"":0},{""Size"":24,""Mallocs"":1010,""Frees"":0},{""Size"":32,""Mallocs"":1863,""Frees"":0},{""Size"":48,""Mallocs"":2581,""Frees"":0},{""Size"":64,""Mallocs"":291,""Frees"":0},{""Size"":80,""Mallocs"":491,""Frees"":0},{""Size"":96,""Mallocs"":328,""Frees"":0},{""Size"":112,""Mallocs"":291,""Frees"":0},{""Size"":128,""Mallocs"":152,""Frees"":0},{""Size"":144,""Mallocs"":533,""Frees"":0},{""Size"":160,""Mallocs"":178,""Frees"":0},{""Size"":176,""Mallocs"":41,""Frees"":0},{""Size"":192,""Mallocs"":38,""Frees"":0},{""Size"":208,""Mallocs"":77,""Frees"":0},{""Size"":224,""Mallocs"":239,""Frees"":0},{""Size"":240,""Mallocs"":2,""Frees"":0},{""Size"":256,""Mallocs"":88,""Frees"":0},{""Size"":288,""Mallocs"":98,""Frees"":0},{""Size"":320,""Mallocs"":73,""Frees"":0},{""Size"":352,""Mallocs"":87,""Frees"":0},{""Size"":384,""Mallocs"":17,""Frees"":0},{""Size"":416,""Mallocs"":67,""Frees"":0},{""Size"":448,""Mallocs"":14,""Frees"":0},{""Size"":480,""Mallocs"":8,""Frees"":0},{""Size"":512,""Mallocs"":67,""Frees"":0},{""Size"":576,""Mallocs"":30,""Frees"":0},{""Size"":640,""Mallocs"":94,""Frees"":0},{""Size"":704,""Mallocs"":58,""Frees"":0},{""Size"":768,""Mallocs"":13,""Frees"":0},{""Size"":896,""Mallocs"":93,""Frees"":0},{""Size"":1024,""Mallocs"":25,""Frees"":0},{""Size"":1152,""Mallocs"":16,""Frees"":0},{""Size"":1280,""Mallocs"":17,""Frees"":0},{""Size"":1408,""Mallocs"":50,""Frees"":0},{""Size"":1536,""Mallocs"":4,""Frees"":0},{""Size"":1792,""Mallocs"":14,""Frees"":0},{""Size"":2048,""Mallocs"":14,""Frees"":0},{""Size"":2304,""Mallocs"":8,""Frees"":0},{""Size"":2688,""Mallocs"":5,""Frees"":0},{""Size"":3072,""Mallocs"":3,""Frees"":0},{""Size"":3200,""Mallocs"":1,""Frees"":0},{""Size"":3456,""Mallocs"":0,""Frees"":0},{""Size"":4096,""Mallocs"":27,""Frees"":0},{""Size"":4864,""Mallocs"":1,""Frees"":0},{""Size"":5376,""Mallocs"":2,""Frees"":0},{""Size"":6144,""Mallocs"":5,""Frees"":0},{""Size"":6528,""Mallocs"":0,""Frees"":0},{""Size"":6784,""Mallocs"":0,""Frees"":0},{""Size"":6912,""Mallocs"":0,""Frees"":0},{""Size"":8192'",b'485454502f312e3120323030204f4b0d0a436f6e74656e742d547970653a206170706c69636174696f6e2f6a736f6e3b20636861727365743d7574662d380d0a446174653a2053756e2c2031362041707220323032332030333a33393a353520474d540d0a5472616e736665722d456e636f64696e673a206368756e6b65640d0a0d0a3830300d0a7b0a22636d646c696e65223a205b222f7573722f636f6c61622f62696e2f6b65726e656c5f6d616e616765725f70726f7879222c222d2d6c6f67746f737464657272222c222d2d6c697374656e5f706f72743d36303030222c222d2d7461726765745f706f72743d39303030222c222d2d6c697374656e5f686f73743d3137322e32382e302e3132222c222d2d7461726765745f686f73743d3137322e32382e302e3132222c222d2d74756e6e656c5f6261636b67726f756e645f736176655f75726c3d68747470733a2f2f636f6c61622e72657365617263682e676f6f676c652e636f6d2f74756e2f6d2f636334383330313131386365353632623936316233633232643830333533396164633165306331392f6d2d732d6a72696e386c646c6a6a6370222c222d2d74756e6e656c5f6261636b67726f756e645f736176655f64656c61793d313073222c222d2d74756e6e656c5f706572696f6469635f6261636b67726f756e645f736176655f6672657175656e63793d33306d3073222c222d2d656e61626c655f6f75747075745f636f616c657363696e673d74727565222c222d2d6f75747075745f636f616c657363696e675f72657175697265643d74727565225d2c0a22636f6c61622e6163746976655f657865637574696f6e73223a20312c0a22636f6c61622e756e61636b6e6f776c65646765645f657865637574696f6e73223a20312c0a226d656d7374617473223a207b22416c6c6f63223a323135333536302c22546f74616c416c6c6f63223a323135333536302c22537973223a31333632383638302c224c6f6f6b757073223a302c224d616c6c6f6373223a31353031372c224672656573223a313333372c2248656170416c6c6f63223a323135333536302c2248656170537973223a333730323738342c224865617049646c65223a3634373136382c2248656170496e757365223a333035353631362c224865617052656c6561736564223a3631343430302c22486561704f626a65637473223a31333638302c22537461636b496e757365223a3439313532302c22537461636b537973223a3439313532302c224d5370616e496e757365223a35343234302c224d5370616e537973223a36353238302c224d4361636865496e757365223a323430302c224d4361636865537973223a31353630302c224275636b48617368537973223a313434343935332c224743537973223a373431383135322c224f74686572537973223a3439303339312c224e6578744743223a343139343330342c224c6173744743223a302c225061757365546f74616c4e73223a302c2250617573654e73223a5b302c302c302c302c302c302c302c302c302c302c302c302c302c302c302c302c302c302c302c302c302c302c302c302c302c302c302c302c302c302c302c302c302c302c302c302c302c302c302c302c302c302c302c302c302c302c302c302c302c302c302c302c302c302c302c302c302c302c302c302c302c302c302c302c302c302c302c302c302c302c302c302c302c302c302c302c302c302c302c302c302c302c302c302c302c302c302c302c302c302c302c302c302c302c302c302c302c302c302c302c302c302c302c302c302c302c302c302c302c302c302c302c302c302c302c302c302c302c302c302c302c302c302c302c302c302c302c302c302c302c302c302c302c302c302c302c302c302c302c302c302c302c302c302c302c302c302c302c302c302c302c302c302c302c302c302c302c302c302c302c302c302c302c302c302c302c302c302c302c302c302c302c302c302c302c302c302c302c302c302c302c302c302c302c302c302c302c302c302c302c302c302c302c302c302c302c302c302c302c302c302c302c302c302c302c302c302c302c302c302c302c302c302c302c302c302c302c302c302c302c302c302c302c302c302c302c302c302c302c302c302c302c302c302c302c302c302c302c302c302c302c302c302c302c302c302c302c302c302c302c302c302c302c302c302c305d2c225061757365456e64223a5b302c302c302c302c302c302c302c302c302c302c302c302c302c302c302c302c302c302c302c302c302c302c302c302c302c302c302c302c302c302c302c302c302c302c302c302c302c302c302c302c302c302c302c302c302c302c302c302c302c302c302c302c302c302c302c302c302c302c302c302c302c302c302c302c302c302c302c302c302c302c302c302c302c302c302c302c302c302c302c302c302c302c302c302c302c302c302c302c302c302c302c302c302c302c302c302c302c302c302c302c302c302c302c302c302c302c302c302c302c302c302c302c302c302c302c302c302c302c302c302c302c302c302c302c302c302c302c302c302c302c302c302c302c302c302c302c302c302c302c302c302c302c302c302c302c302c302c302c302c302c302c302c302c302c302c302c302c302c302c302c302c302c302c302c302c302c302c302c302c302c302c302c302c302c302c302c302c302c302c302c302c302c302c302c302c302c302c302c302c302c302c302c302c302c302c302c302c302c302c302c302c302c302c302c302c302c302c302c302c302c302c302c302c302c302c302c302c302c302c302c302c302c302c302c302c302c302c302c302c302c302c302c302c302c302c302c302c302c302c302c302c302c302c302c302c302c302c302c302c302c302c302c302c302c302c305d2c224e756d4743223a302c224e756d466f726365644743223a302c2247434350554672616374696f0d0a3864350d0a6e223a302c22456e61626c654743223a747275652c2244656275674743223a66616c73652c22427953697a65223a5b7b2253697a65223a302c224d616c6c6f6373223a302c224672656573223a307d2c7b2253697a65223a382c224d616c6c6f6373223a3132392c224672656573223a307d2c7b2253697a65223a31362c224d616c6c6f6373223a343430382c224672656573223a307d2c7b2253697a65223a32342c224d616c6c6f6373223a313031302c224672656573223a307d2c7b2253697a65223a33322c224d616c6c6f6373223a313836332c224672656573223a307d2c7b2253697a65223a34382c224d616c6c6f6373223a323538312c224672656573223a307d2c7b2253697a65223a36342c224d616c6c6f6373223a3239312c224672656573223a307d2c7b2253697a65223a38302c224d616c6c6f6373223a3439312c224672656573223a307d2c7b2253697a65223a39362c224d616c6c6f6373223a3332382c224672656573223a307d2c7b2253697a65223a3131322c224d616c6c6f6373223a3239312c224672656573223a307d2c7b2253697a65223a3132382c224d616c6c6f6373223a3135322c224672656573223a307d2c7b2253697a65223a3134342c224d616c6c6f6373223a3533332c224672656573223a307d2c7b2253697a65223a3136302c224d616c6c6f6373223a3137382c224672656573223a307d2c7b2253697a65223a3137362c224d616c6c6f6373223a34312c224672656573223a307d2c7b2253697a65223a3139322c224d616c6c6f6373223a33382c224672656573223a307d2c7b2253697a65223a3230382c224d616c6c6f6373223a37372c224672656573223a307d2c7b2253697a65223a3232342c224d616c6c6f6373223a3233392c224672656573223a307d2c7b2253697a65223a3234302c224d616c6c6f6373223a322c224672656573223a307d2c7b2253697a65223a3235362c224d616c6c6f6373223a38382c224672656573223a307d2c7b2253697a65223a3238382c224d616c6c6f6373223a39382c224672656573223a307d2c7b2253697a65223a3332302c224d616c6c6f6373223a37332c224672656573223a307d2c7b2253697a65223a3335322c224d616c6c6f6373223a38372c224672656573223a307d2c7b2253697a65223a3338342c224d616c6c6f6373223a31372c224672656573223a307d2c7b2253697a65223a3431362c224d616c6c6f6373223a36372c224672656573223a307d2c7b2253697a65223a3434382c224d616c6c6f6373223a31342c224672656573223a307d2c7b2253697a65223a3438302c224d616c6c6f6373223a382c224672656573223a307d2c7b2253697a65223a3531322c224d616c6c6f6373223a36372c224672656573223a307d2c7b2253697a65223a3537362c224d616c6c6f6373223a33302c224672656573223a307d2c7b2253697a65223a3634302c224d616c6c6f6373223a39342c224672656573223a307d2c7b2253697a65223a3730342c224d616c6c6f6373223a35382c224672656573223a307d2c7b2253697a65223a3736382c224d616c6c6f6373223a31332c224672656573223a307d2c7b2253697a65223a3839362c224d616c6c6f6373223a39332c224672656573223a307d2c7b2253697a65223a313032342c224d616c6c6f6373223a32352c224672656573223a307d2c7b2253697a65223a313135322c224d616c6c6f6373223a31362c224672656573223a307d2c7b2253697a65223a313238302c224d616c6c6f6373223a31372c224672656573223a307d2c7b2253697a65223a313430382c224d616c6c6f6373223a35302c224672656573223a307d2c7b2253697a65223a313533362c224d616c6c6f6373223a342c224672656573223a307d2c7b2253697a65223a313739322c224d616c6c6f6373223a31342c224672656573223a307d2c7b2253697a65223a323034382c224d616c6c6f6373223a31342c224672656573223a307d2c7b2253697a65223a323330342c224d616c6c6f6373223a382c224672656573223a307d2c7b2253697a65223a323638382c224d616c6c6f6373223a352c224672656573223a307d2c7b2253697a65223a333037322c224d616c6c6f6373223a332c224672656573223a307d2c7b2253697a65223a333230302c224d616c6c6f6373223a312c224672656573223a307d2c7b2253697a65223a333435362c224d616c6c6f6373223a302c224672656573223a307d2c7b2253697a65223a343039362c224d616c6c6f6373223a32372c224672656573223a307d2c7b2253697a65223a343836342c224d616c6c6f6373223a312c224672656573223a307d2c7b2253697a65223a353337362c224d616c6c6f6373223a322c224672656573223a307d2c7b2253697a65223a363134342c224d616c6c6f6373223a352c224672656573223a307d2c7b2253697a65223a363532382c224d616c6c6f6373223a302c224672656573223a307d2c7b2253697a65223a363738342c224d616c6c6f6373223a302c224672656573223a307d2c7b2253697a65223a363931322c224d616c6c6f6373223a302c224672656573223a307d2c7b2253697a65223a38313932'
59,4,5,0,52,18557,DF,0,64,6,39425,172.28.0.1,172.28.0.12,0,1681616395.229218,44538,6000,638275268,3176660953,8,0,A,491,22636,0,3,0,b'',b''
60,4,5,0,423,9165,DF,0,64,6,48446,172.28.0.12,172.28.0.1,0,1681616395.2292507,6000,44538,3176660953,638275268,8,0,PA,509,23007,0,3,371,"b',""Mallocs"":4,""Frees"":0},{""Size"":9472,""Mallocs"":3,""Frees"":0},{""Size"":9728,""Mallocs"":0,""Frees"":0},{""Size"":10240,""Mallocs"":0,""Frees"":0},{""Size"":10880,""Mallocs"":1,""Frees"":0},{""Size"":12288,""Mallocs"":1,""Frees"":0},{""Size"":13568,""Mallocs"":0,""Frees"":0},{""Size"":14336,""Mallocs"":0,""Frees"":0},{""Size"":16384,""Mallocs"":0,""Frees"":0},{""Size"":18432,""Mallocs"":0,""Frees"":0}]}\r\n3\r\n\n}\n\r\n0\r\n\r\n'",b'2c224d616c6c6f6373223a342c224672656573223a307d2c7b2253697a65223a393437322c224d616c6c6f6373223a332c224672656573223a307d2c7b2253697a65223a393732382c224d616c6c6f6373223a302c224672656573223a307d2c7b2253697a65223a31303234302c224d616c6c6f6373223a302c224672656573223a307d2c7b2253697a65223a31303838302c224d616c6c6f6373223a312c224672656573223a307d2c7b2253697a65223a31323238382c224d616c6c6f6373223a312c224672656573223a307d2c7b2253697a65223a31333536382c224d616c6c6f6373223a302c224672656573223a307d2c7b2253697a65223a31343333362c224d616c6c6f6373223a302c224672656573223a307d2c7b2253697a65223a31363338342c224d616c6c6f6373223a302c224672656573223a307d2c7b2253697a65223a31383433322c224d616c6c6f6373223a302c224672656573223a307d5d7d0d0a330d0a0a7d0a0d0a300d0a0d0a'
61,4,5,0,52,18558,DF,0,64,6,39424,172.28.0.1,172.28.0.12,0,1681616395.229258,44538,6000,638275268,3176661324,8,0,A,489,22636,0,3,0,b'',b''
62,4,5,0,170,48624,DF,0,64,6,9240,172.28.0.1,172.28.0.12,0,1681616395.2299507,47730,8080,982348179,1467065396,8,0,PA,501,22754,0,3,118,b'GET /api/colab/resources?health HTTP/1.1\r\nHost: example.com\r\nUser-Agent: Go-http-client/1.1\r\nAccept-Encoding: gzip\r\n\r\n',b'474554202f6170692f636f6c61622f7265736f75726365733f6865616c746820485454502f312e310d0a486f73743a206578616d706c652e636f6d0d0a557365722d4167656e743a20476f2d687474702d636c69656e742f312e310d0a4163636570742d456e636f64696e673a20677a69700d0a0d0a'
63,4,5,0,612,53350,DF,0,64,6,4072,172.28.0.12,172.28.0.1,0,1681616395.257385,8080,47730,1467065396,982348297,8,0,PA,505,23196,0,3,560,"b'HTTP/1.1 200 OK\r\naccess-control-allow-origin: *\r\ncontent-length: 184\r\ncontent-security-policy: frame-ancestors \'self\'; report-uri /api/security/csp-report; default-src \'none\'\r\ncontent-type: application/json\r\ndate: Sun, 16 Apr 2023 03:39:55 GMT\r\netag: ""73e707f3173a7cb4fc680c3e97d4a5b8a7c240ec""\r\nserver: TornadoServer/6.2\r\nx-content-type-options: nosniff\r\nconnection: close\r\n\r\n)]}\'\n{""memory"": {""totalBytes"": 13616324608, ""freeBytes"": 12404236288}, ""disks"": [{""filesystem"": {""label"": ""kernel"", ""totalBytes"": 115658190848, ""usedBytes"": 24896241664}}], ""gpus"": []}'",b'485454502f312e3120323030204f4b0d0a6163636573732d636f6e74726f6c2d616c6c6f772d6f726967696e3a202a0d0a636f6e74656e742d6c656e6774683a203138340d0a636f6e74656e742d73656375726974792d706f6c6963793a206672616d652d616e636573746f7273202773656c66273b207265706f72742d757269202f6170692f73656375726974792f6373702d7265706f72743b2064656661756c742d73726320276e6f6e65270d0a636f6e74656e742d747970653a206170706c69636174696f6e2f6a736f6e0d0a646174653a2053756e2c2031362041707220323032332030333a33393a353520474d540d0a657461673a202237336537303766333137336137636234666336383063336539376434613562386137633234306563220d0a7365727665723a20546f726e61646f5365727665722f362e320d0a782d636f6e74656e742d747970652d6f7074696f6e733a206e6f736e6966660d0a636f6e6e656374696f6e3a20636c6f73650d0a0d0a295d7d270a7b226d656d6f7279223a207b22746f74616c4279746573223a2031333631363332343630382c2022667265654279746573223a2031323430343233363238387d2c20226469736b73223a205b7b2266696c6573797374656d223a207b226c6162656c223a20226b65726e656c222c2022746f74616c4279746573223a203131353635383139303834382c2022757365644279746573223a2032343839363234313636347d7d5d2c202267707573223a205b5d7d'
64,4,5,0,52,48625,DF,0,64,6,9357,172.28.0.1,172.28.0.12,0,1681616395.2574234,47730,8080,982348297,1467065956,8,0,A,501,22636,0,3,0,b'',b''
65,4,5,0,52,48626,DF,0,64,6,9356,172.28.0.1,172.28.0.12,0,1681616395.2577677,47730,8080,982348297,1467065956,8,0,FA,501,22636,0,3,0,b'',b''
66,4,5,0,52,53351,DF,0,64,6,4631,172.28.0.12,172.28.0.1,0,1681616395.260744,8080,47730,1467065956,982348298,8,0,FA,505,22636,0,3,0,b'',b''
67,4,5,0,52,48627,DF,0,64,6,9355,172.28.0.1,172.28.0.12,0,1681616395.2607772,47730,8080,982348298,1467065957,8,0,A,501,22636,0,3,0,b'',b''
68,4,5,0,60,20643,DF,0,64,6,37331,172.28.0.1,172.28.0.12,0,1681616395.5474749,47738,8080,3481199467,0,10,0,S,64240,22644,0,5,0,b'',b''
69,4,5,0,60,0,DF,0,64,6,57974,172.28.0.12,172.28.0.1,0,1681616395.5475256,8080,47738,3413726460,3481199468,10,0,SA,65160,22644,0,5,0,b'',b''
70,4,5,0,52,20644,DF,0,64,6,37338,172.28.0.1,172.28.0.12,0,1681616395.54755,47738,8080,3481199468,3413726461,8,0,A,502,22636,0,3,0,b'',b''
71,4,5,0,627,20645,DF,0,64,6,36762,172.28.0.1,172.28.0.12,0,1681616395.548322,47738,8080,3481199468,3413726461,8,0,PA,502,23211,0,3,575,"b'POST /socket.io/?EIO=3&sid=R_PmmLqmwiabq0EaAAAA&t=OU89TvJ&transport=polling HTTP/1.1\r\nHost: colab.research.google.com\r\nUser-Agent: Mozilla/5.0 (Windows NT 10.0; Win64; x64; rv:109.0) Gecko/20100101 Firefox/111.0,gzip(gfe)\r\nContent-Length: 312\r\nAccept: */*\r\nAccept-Encoding: gzip, deflate, br,gzip(gfe)\r\nAccept-Language: es-ES,es;q=0.8,en-US;q=0.5,en;q=0.3\r\nContent-Type: text/plain;charset=UTF-8\r\nOrigin: https://colab.research.google.com\r\nReferer: https://colab.research.google.com/\r\nSec-Fetch-Dest: empty\r\nSec-Fetch-Mode: cors\r\nSec-Fetch-Site: same-origin\r\nTe: trailers\r\n\r\n'",b'504f5354202f736f636b65742e696f2f3f45494f3d33267369643d525f506d6d4c716d77696162713045614141414126743d4f55383954764a267472616e73706f72743d706f6c6c696e6720485454502f312e310d0a486f73743a20636f6c61622e72657365617263682e676f6f676c652e636f6d0d0a557365722d4167656e743a204d6f7a696c6c612f352e30202857696e646f7773204e542031302e303b2057696e36343b207836343b2072763a3130392e3029204765636b6f2f32303130303130312046697265666f782f3131312e302c677a697028676665290d0a436f6e74656e742d4c656e6774683a203331320d0a4163636570743a202a2f2a0d0a4163636570742d456e636f64696e673a20677a69702c206465666c6174652c2062722c677a697028676665290d0a4163636570742d4c616e67756167653a2065732d45532c65733b713d302e382c656e2d55533b713d302e352c656e3b713d302e330d0a436f6e74656e742d547970653a20746578742f706c61696e3b636861727365743d5554462d380d0a4f726967696e3a2068747470733a2f2f636f6c61622e72657365617263682e676f6f676c652e636f6d0d0a526566657265723a2068747470733a2f2f636f6c61622e72657365617263682e676f6f676c652e636f6d2f0d0a5365632d46657463682d446573743a20656d7074790d0a5365632d46657463682d4d6f64653a20636f72730d0a5365632d46657463682d536974653a2073616d652d6f726967696e0d0a54653a20747261696c6572730d0a0d0a'
72,4,5,0,52,56472,DF,0,64,6,1510,172.28.0.12,172.28.0.1,0,1681616395.548353,8080,47738,3413726461,3481200043,8,0,A,505,22636,0,3,0,b'',b''
73,4,5,0,364,20646,DF,0,64,6,37024,172.28.0.1,172.28.0.12,0,1681616395.5489182,47738,8080,3481200043,3413726461,8,0,PA,502,22948,0,3,312,"b'308:42/python-lsp/10,[""data"",{""data"":""{\\""method\\"":\\""textDocument/codeAction\\"",\\""id\\"":3,\\""params\\"":{\\""textDocument\\"":{\\""uri\\"":\\""inmemory://model/1\\""},\\""range\\"":{\\""start\\"":{\\""line\\"":36,\\""character\\"":0},\\""end\\"":{\\""line\\"":36,\\""character\\"":0}},\\""context\\"":{\\""diagnostics\\"":[],\\""only\\"":[\\""\\""]}},\\""jsonrpc\\"":\\""2.0\\""}""}]'",b'3330383a34322f707974686f6e2d6c73702f31302c5b2264617461222c7b2264617461223a227b5c226d6574686f645c223a5c2274657874446f63756d656e742f636f6465416374696f6e5c222c5c2269645c223a332c5c22706172616d735c223a7b5c2274657874446f63756d656e745c223a7b5c227572695c223a5c22696e6d656d6f72793a2f2f6d6f64656c2f315c227d2c5c2272616e67655c223a7b5c2273746172745c223a7b5c226c696e655c223a33362c5c226368617261637465725c223a307d2c5c22656e645c223a7b5c226c696e655c223a33362c5c226368617261637465725c223a307d7d2c5c22636f6e746578745c223a7b5c22646961676e6f73746963735c223a5b5d2c5c226f6e6c795c223a5b5c225c225d7d7d2c5c226a736f6e7270635c223a5c22322e305c227d227d5d'
74,4,5,0,52,56473,DF,0,64,6,1509,172.28.0.12,172.28.0.1,0,1681616395.5489295,8080,47738,3413726461,3481200355,8,0,A,503,22636,0,3,0,b'',b''
75,4,5,0,337,56474,DF,0,64,6,1223,172.28.0.12,172.28.0.1,0,1681616395.5494683,8080,47738,3413726461,3481200355,8,0,PA,503,22921,0,3,285,"b'HTTP/1.1 200 OK\r\nContent-Type: text/html\r\nContent-Length: 2\r\nAccess-Control-Allow-Credentials: true\r\nAccess-Control-Allow-Origin: https://colab.research.google.com\r\nSet-Cookie: io=R_PmmLqmwiabq0EaAAAA; Path=/; HttpOnly\r\nDate: Sun, 16 Apr 2023 03:39:55 GMT\r\nConnection: keep-alive\r\n\r\nok'",b'485454502f312e3120323030204f4b0d0a436f6e74656e742d547970653a20746578742f68746d6c0d0a436f6e74656e742d4c656e6774683a20320d0a4163636573732d436f6e74726f6c2d416c6c6f772d43726564656e7469616c733a20747275650d0a4163636573732d436f6e74726f6c2d416c6c6f772d4f726967696e3a2068747470733a2f2f636f6c61622e72657365617263682e676f6f676c652e636f6d0d0a5365742d436f6f6b69653a20696f3d525f506d6d4c716d7769616271304561414141413b20506174683d2f3b20487474704f6e6c790d0a446174653a2053756e2c2031362041707220323032332030333a33393a353520474d540d0a436f6e6e656374696f6e3a206b6565702d616c6976650d0a0d0a6f6b'
76,4,5,0,52,20647,DF,0,64,6,37335,172.28.0.1,172.28.0.12,0,1681616395.5522666,47738,8080,3481200355,3413726746,8,0,A,500,22636,0,3,0,b'',b''
77,4,5,0,364,65376,DF,0,64,6,57829,172.28.0.12,172.28.0.1,0,1681616395.5564022,8080,34096,3959752264,3178073083,8,0,PA,501,22948,0,3,312,"b'HTTP/1.1 200 OK\r\nContent-Type: text/plain; charset=UTF-8\r\nContent-Length: 84\r\nAccess-Control-Allow-Origin: *\r\nSet-Cookie: io=R_PmmLqmwiabq0EaAAAA; Path=/; HttpOnly\r\nDate: Sun, 16 Apr 2023 03:39:55 GMT\r\nConnection: keep-alive\r\n\r\n81:42/python-lsp/10,[""data"",{""data"":""{\\""jsonrpc\\"":\\""2.0\\"",\\""id\\"":3,\\""result\\"":[]}""}]'",b'485454502f312e3120323030204f4b0d0a436f6e74656e742d547970653a20746578742f706c61696e3b20636861727365743d5554462d380d0a436f6e74656e742d4c656e6774683a2038340d0a4163636573732d436f6e74726f6c2d416c6c6f772d4f726967696e3a202a0d0a5365742d436f6f6b69653a20696f3d525f506d6d4c716d7769616271304561414141413b20506174683d2f3b20487474704f6e6c790d0a446174653a2053756e2c2031362041707220323032332030333a33393a353520474d540d0a436f6e6e656374696f6e3a206b6565702d616c6976650d0a0d0a38313a34322f707974686f6e2d6c73702f31302c5b2264617461222c7b2264617461223a227b5c226a736f6e7270635c223a5c22322e305c222c5c2269645c223a332c5c22726573756c745c223a5b5d7d227d5d'
78,4,5,0,52,39592,DF,0,64,6,18390,172.28.0.1,172.28.0.12,0,1681616395.5564425,34096,8080,3178073083,3959752576,8,0,A,501,22636,0,3,0,b'',b''
79,4,5,0,522,39593,DF,0,64,6,17919,172.28.0.1,172.28.0.12,0,1681616395.6971428,34096,8080,3178073083,3959752576,8,0,PA,501,23106,0,3,470,"b'GET /socket.io/?EIO=3&sid=R_PmmLqmwiabq0EaAAAA&t=OU89TxV&transport=polling HTTP/1.1\r\nHost: colab.research.google.com\r\nUser-Agent: Mozilla/5.0 (Windows NT 10.0; Win64; x64; rv:109.0) Gecko/20100101 Firefox/111.0,gzip(gfe)\r\nAccept: */*\r\nAccept-Encoding: gzip, deflate, br,gzip(gfe)\r\nAccept-Language: es-ES,es;q=0.8,en-US;q=0.5,en;q=0.3\r\nReferer: https://colab.research.google.com/\r\nSec-Fetch-Dest: empty\r\nSec-Fetch-Mode: cors\r\nSec-Fetch-Site: same-origin\r\nTe: trailers\r\n\r\n'",b'474554202f736f636b65742e696f2f3f45494f3d33267369643d525f506d6d4c716d77696162713045614141414126743d4f553839547856267472616e73706f72743d706f6c6c696e6720485454502f312e310d0a486f73743a20636f6c61622e72657365617263682e676f6f676c652e636f6d0d0a557365722d4167656e743a204d6f7a696c6c612f352e30202857696e646f7773204e542031302e303b2057696e36343b207836343b2072763a3130392e3029204765636b6f2f32303130303130312046697265666f782f3131312e302c677a697028676665290d0a4163636570743a202a2f2a0d0a4163636570742d456e636f64696e673a20677a69702c206465666c6174652c2062722c677a697028676665290d0a4163636570742d4c616e67756167653a2065732d45532c65733b713d302e382c656e2d55533b713d302e352c656e3b713d302e330d0a526566657265723a2068747470733a2f2f636f6c61622e72657365617263682e676f6f676c652e636f6d2f0d0a5365632d46657463682d446573743a20656d7074790d0a5365632d46657463682d4d6f64653a20636f72730d0a5365632d46657463682d536974653a2073616d652d6f726967696e0d0a54653a20747261696c6572730d0a0d0a'
80,4,5,0,52,65377,DF,0,64,6,58140,172.28.0.12,172.28.0.1,0,1681616395.6971729,8080,34096,3959752576,3178073553,8,0,A,501,22636,0,3,0,b'',b''
81,4,5,0,52,41136,DF,0,64,6,16846,172.28.0.1,172.28.0.12,0,1681616401.4226625,45200,3453,721926074,3384531641,8,0,A,501,22636,0,3,0,b'',b''
82,4,5,0,52,251,DF,0,64,6,57731,172.28.0.12,172.28.0.1,0,1681616401.4227114,3453,45200,3384531641,721926075,8,0,A,1508,22636,0,3,0,b'',b''
83,4,5,0,472,20648,DF,0,64,6,36914,172.28.0.1,172.28.0.12,0,1681616404.390272,47738,8080,3481200355,3413726746,8,0,PA,501,23056,0,3,420,"b'GET /api/colab/resources HTTP/1.1\r\nHost: colab.research.google.com\r\nUser-Agent: Mozilla/5.0 (Windows NT 10.0; Win64; x64; rv:109.0) Gecko/20100101 Firefox/111.0,gzip(gfe)\r\nAccept: */*\r\nAccept-Encoding: gzip, deflate, br,gzip(gfe)\r\nAccept-Language: es-ES,es;q=0.8,en-US;q=0.5,en;q=0.3\r\nReferer: https://colab.research.google.com/\r\nSec-Fetch-Dest: empty\r\nSec-Fetch-Mode: cors\r\nSec-Fetch-Site: same-origin\r\nTe: trailers\r\n\r\n'",b'474554202f6170692f636f6c61622f7265736f757263657320485454502f312e310d0a486f73743a20636f6c61622e72657365617263682e676f6f676c652e636f6d0d0a557365722d4167656e743a204d6f7a696c6c612f352e30202857696e646f7773204e542031302e303b2057696e36343b207836343b2072763a3130392e3029204765636b6f2f32303130303130312046697265666f782f3131312e302c677a697028676665290d0a4163636570743a202a2f2a0d0a4163636570742d456e636f64696e673a20677a69702c206465666c6174652c2062722c677a697028676665290d0a4163636570742d4c616e67756167653a2065732d45532c65733b713d302e382c656e2d55533b713d302e352c656e3b713d302e330d0a526566657265723a2068747470733a2f2f636f6c61622e72657365617263682e676f6f676c652e636f6d2f0d0a5365632d46657463682d446573743a20656d7074790d0a5365632d46657463682d4d6f64653a20636f72730d0a5365632d46657463682d536974653a2073616d652d6f726967696e0d0a54653a20747261696c6572730d0a0d0a'
84,4,5,0,612,56475,DF,0,64,6,947,172.28.0.12,172.28.0.1,0,1681616404.4099114,8080,47738,3413726746,3481200775,8,0,PA,501,23196,0,3,560,"b'HTTP/1.1 200 OK\r\naccess-control-allow-origin: *\r\ncontent-length: 184\r\ncontent-security-policy: frame-ancestors \'self\'; report-uri /api/security/csp-report; default-src \'none\'\r\ncontent-type: application/json\r\ndate: Sun, 16 Apr 2023 03:40:04 GMT\r\netag: ""b945dc4fe22518a366c18ddfdafc081e554d9040""\r\nserver: TornadoServer/6.2\r\nx-content-type-options: nosniff\r\nconnection: close\r\n\r\n)]}\'\n{""memory"": {""totalBytes"": 13616324608, ""freeBytes"": 12403712000}, ""disks"": [{""filesystem"": {""label"": ""kernel"", ""totalBytes"": 115658190848, ""usedBytes"": 24896241664}}], ""gpus"": []}'",b'485454502f312e3120323030204f4b0d0a6163636573732d636f6e74726f6c2d616c6c6f772d6f726967696e3a202a0d0a636f6e74656e742d6c656e6774683a203138340d0a636f6e74656e742d73656375726974792d706f6c6963793a206672616d652d616e636573746f7273202773656c66273b207265706f72742d757269202f6170692f73656375726974792f6373702d7265706f72743b2064656661756c742d73726320276e6f6e65270d0a636f6e74656e742d747970653a206170706c69636174696f6e2f6a736f6e0d0a646174653a2053756e2c2031362041707220323032332030333a34303a303420474d540d0a657461673a202262393435646334666532323531386133363663313864646664616663303831653535346439303430220d0a7365727665723a20546f726e61646f5365727665722f362e320d0a782d636f6e74656e742d747970652d6f7074696f6e733a206e6f736e6966660d0a636f6e6e656374696f6e3a20636c6f73650d0a0d0a295d7d270a7b226d656d6f7279223a207b22746f74616c4279746573223a2031333631363332343630382c2022667265654279746573223a2031323430333731323030307d2c20226469736b73223a205b7b2266696c6573797374656d223a207b226c6162656c223a20226b65726e656c222c2022746f74616c4279746573223a203131353635383139303834382c2022757365644279746573223a2032343839363234313636347d7d5d2c202267707573223a205b5d7d'
85,4,5,0,52,20649,DF,0,64,6,37333,172.28.0.1,172.28.0.12,0,1681616404.4099522,47738,8080,3481200775,3413727306,8,0,A,501,22636,0,3,0,b'',b''
86,4,5,0,52,20650,DF,0,64,6,37332,172.28.0.1,172.28.0.12,0,1681616404.4101017,47738,8080,3481200775,3413727306,8,0,FA,501,22636,0,3,0,b'',b''
87,4,5,0,52,56476,DF,0,64,6,1506,172.28.0.12,172.28.0.1,0,1681616404.4133136,8080,47738,3413727306,3481200776,8,0,FA,501,22636,0,3,0,b'',b''
88,4,5,0,52,20651,DF,0,64,6,37331,172.28.0.1,172.28.0.12,0,1681616404.4133406,47738,8080,3481200776,3413727307,8,0,A,501,22636,0,3,0,b'',b''
89,4,5,0,52,9166,DF,0,64,6,48816,172.28.0.12,172.28.0.1,0,1681616410.638767,6000,44538,3176661323,638275268,8,0,A,509,22636,0,3,0,b'',b''
90,4,5,0,52,18559,DF,0,64,6,39423,172.28.0.1,172.28.0.12,0,1681616410.6388307,44538,6000,638275268,3176661324,8,0,A,501,22636,0,3,0,b'',b''
91,4,5,0,60,14969,DF,0,64,6,43005,172.28.0.1,172.28.0.12,0,1681616412.7312868,45808,8080,2032704132,0,10,0,S,64240,22644,0,5,0,b'',b''
92,4,5,0,60,0,DF,0,64,6,57974,172.28.0.12,172.28.0.1,0,1681616412.7313342,8080,45808,1351561475,2032704133,10,0,SA,65160,22644,0,5,0,b'',b''
93,4,5,0,52,14970,DF,0,64,6,43012,172.28.0.1,172.28.0.12,0,1681616412.7313588,45808,8080,2032704133,1351561476,8,0,A,502,22636,0,3,0,b'',b''
94,4,5,0,627,14971,DF,0,64,6,42436,172.28.0.1,172.28.0.12,0,1681616412.7338881,45808,8080,2032704133,1351561476,8,0,PA,502,23211,0,3,575,"b'POST /socket.io/?EIO=3&sid=R_PmmLqmwiabq0EaAAAA&t=OU89Y5b&transport=polling HTTP/1.1\r\nHost: colab.research.google.com\r\nUser-Agent: Mozilla/5.0 (Windows NT 10.0; Win64; x64; rv:109.0) Gecko/20100101 Firefox/111.0,gzip(gfe)\r\nContent-Length: 312\r\nAccept: */*\r\nAccept-Encoding: gzip, deflate, br,gzip(gfe)\r\nAccept-Language: es-ES,es;q=0.8,en-US;q=0.5,en;q=0.3\r\nContent-Type: text/plain;charset=UTF-8\r\nOrigin: https://colab.research.google.com\r\nReferer: https://colab.research.google.com/\r\nSec-Fetch-Dest: empty\r\nSec-Fetch-Mode: cors\r\nSec-Fetch-Site: same-origin\r\nTe: trailers\r\n\r\n'",b'504f5354202f736f636b65742e696f2f3f45494f3d33267369643d525f506d6d4c716d77696162713045614141414126743d4f553839593562267472616e73706f72743d706f6c6c696e6720485454502f312e310d0a486f73743a20636f6c61622e72657365617263682e676f6f676c652e636f6d0d0a557365722d4167656e743a204d6f7a696c6c612f352e30202857696e646f7773204e542031302e303b2057696e36343b207836343b2072763a3130392e3029204765636b6f2f32303130303130312046697265666f782f3131312e302c677a697028676665290d0a436f6e74656e742d4c656e6774683a203331320d0a4163636570743a202a2f2a0d0a4163636570742d456e636f64696e673a20677a69702c206465666c6174652c2062722c677a697028676665290d0a4163636570742d4c616e67756167653a2065732d45532c65733b713d302e382c656e2d55533b713d302e352c656e3b713d302e330d0a436f6e74656e742d547970653a20746578742f706c61696e3b636861727365743d5554462d380d0a4f726967696e3a2068747470733a2f2f636f6c61622e72657365617263682e676f6f676c652e636f6d0d0a526566657265723a2068747470733a2f2f636f6c61622e72657365617263682e676f6f676c652e636f6d2f0d0a5365632d46657463682d446573743a20656d7074790d0a5365632d46657463682d4d6f64653a20636f72730d0a5365632d46657463682d536974653a2073616d652d6f726967696e0d0a54653a20747261696c6572730d0a0d0a'
95,4,5,0,52,47307,DF,0,64,6,10675,172.28.0.12,172.28.0.1,0,1681616412.733947,8080,45808,1351561476,2032704708,8,0,A,505,22636,0,3,0,b'',b''
96,4,5,0,364,14972,DF,0,64,6,42698,172.28.0.1,172.28.0.12,0,1681616412.7357414,45808,8080,2032704708,1351561476,8,0,PA,502,22948,0,3,312,"b'308:42/python-lsp/10,[""data"",{""data"":""{\\""method\\"":\\""textDocument/codeAction\\"",\\""id\\"":4,\\""params\\"":{\\""textDocument\\"":{\\""uri\\"":\\""inmemory://model/1\\""},\\""range\\"":{\\""start\\"":{\\""line\\"":13,\\""character\\"":0},\\""end\\"":{\\""line\\"":13,\\""character\\"":0}},\\""context\\"":{\\""diagnostics\\"":[],\\""only\\"":[\\""\\""]}},\\""jsonrpc\\"":\\""2.0\\""}""}]'",b'3330383a34322f707974686f6e2d6c73702f31302c5b2264617461222c7b2264617461223a227b5c226d6574686f645c223a5c2274657874446f63756d656e742f636f6465416374696f6e5c222c5c2269645c223a342c5c22706172616d735c223a7b5c2274657874446f63756d656e745c223a7b5c227572695c223a5c22696e6d656d6f72793a2f2f6d6f64656c2f315c227d2c5c2272616e67655c223a7b5c2273746172745c223a7b5c226c696e655c223a31332c5c226368617261637465725c223a307d2c5c22656e645c223a7b5c226c696e655c223a31332c5c226368617261637465725c223a307d7d2c5c22636f6e746578745c223a7b5c22646961676e6f73746963735c223a5b5d2c5c226f6e6c795c223a5b5c225c225d7d7d2c5c226a736f6e7270635c223a5c22322e305c227d227d5d'
97,4,5,0,52,47308,DF,0,64,6,10674,172.28.0.12,172.28.0.1,0,1681616412.7357578,8080,45808,1351561476,2032705020,8,0,A,503,22636,0,3,0,b'',b''
98,4,5,0,337,47309,DF,0,64,6,10388,172.28.0.12,172.28.0.1,0,1681616412.7364192,8080,45808,1351561476,2032705020,8,0,PA,503,22921,0,3,285,"b'HTTP/1.1 200 OK\r\nContent-Type: text/html\r\nContent-Length: 2\r\nAccess-Control-Allow-Credentials: true\r\nAccess-Control-Allow-Origin: https://colab.research.google.com\r\nSet-Cookie: io=R_PmmLqmwiabq0EaAAAA; Path=/; HttpOnly\r\nDate: Sun, 16 Apr 2023 03:40:12 GMT\r\nConnection: keep-alive\r\n\r\nok'",b'485454502f312e3120323030204f4b0d0a436f6e74656e742d547970653a20746578742f68746d6c0d0a436f6e74656e742d4c656e6774683a20320d0a4163636573732d436f6e74726f6c2d416c6c6f772d43726564656e7469616c733a20747275650d0a4163636573732d436f6e74726f6c2d416c6c6f772d4f726967696e3a2068747470733a2f2f636f6c61622e72657365617263682e676f6f676c652e636f6d0d0a5365742d436f6f6b69653a20696f3d525f506d6d4c716d7769616271304561414141413b20506174683d2f3b20487474704f6e6c790d0a446174653a2053756e2c2031362041707220323032332030333a34303a313220474d540d0a436f6e6e656374696f6e3a206b6565702d616c6976650d0a0d0a6f6b'
99,4,5,0,364,65378,DF,0,64,6,57827,172.28.0.12,172.28.0.1,0,1681616412.7410035,8080,34096,3959752576,3178073553,8,0,PA,501,22948,0,3,312,"b'HTTP/1.1 200 OK\r\nContent-Type: text/plain; charset=UTF-8\r\nContent-Length: 84\r\nAccess-Control-Allow-Origin: *\r\nSet-Cookie: io=R_PmmLqmwiabq0EaAAAA; Path=/; HttpOnly\r\nDate: Sun, 16 Apr 2023 03:40:12 GMT\r\nConnection: keep-alive\r\n\r\n81:42/python-lsp/10,[""data"",{""data"":""{\\""jsonrpc\\"":\\""2.0\\"",\\""id\\"":4,\\""result\\"":[]}""}]'",b'485454502f312e3120323030204f4b0d0a436f6e74656e742d547970653a20746578742f706c61696e3b20636861727365743d5554462d380d0a436f6e74656e742d4c656e6774683a2038340d0a4163636573732d436f6e74726f6c2d416c6c6f772d4f726967696e3a202a0d0a5365742d436f6f6b69653a20696f3d525f506d6d4c716d7769616271304561414141413b20506174683d2f3b20487474704f6e6c790d0a446174653a2053756e2c2031362041707220323032332030333a34303a313220474d540d0a436f6e6e656374696f6e3a206b6565702d616c6976650d0a0d0a38313a34322f707974686f6e2d6c73702f31302c5b2264617461222c7b2264617461223a227b5c226a736f6e7270635c223a5c22322e305c222c5c2269645c223a342c5c22726573756c745c223a5b5d7d227d5d'
